-- MariaDB dump 10.19  Distrib 10.4.30-MariaDB, for debian-linux-gnu (x86_64)
--
-- Host: localhost    Database: db
-- ------------------------------------------------------
-- Server version	10.4.30-MariaDB-1:10.4.30+maria~ubu2004-log

/*!40101 SET @OLD_CHARACTER_SET_CLIENT=@@CHARACTER_SET_CLIENT */;
/*!40101 SET @OLD_CHARACTER_SET_RESULTS=@@CHARACTER_SET_RESULTS */;
/*!40101 SET @OLD_COLLATION_CONNECTION=@@COLLATION_CONNECTION */;
/*!40101 SET NAMES utf8mb4 */;
/*!40103 SET @OLD_TIME_ZONE=@@TIME_ZONE */;
/*!40103 SET TIME_ZONE='+00:00' */;
/*!40014 SET @OLD_UNIQUE_CHECKS=@@UNIQUE_CHECKS, UNIQUE_CHECKS=0 */;
/*!40014 SET @OLD_FOREIGN_KEY_CHECKS=@@FOREIGN_KEY_CHECKS, FOREIGN_KEY_CHECKS=0 */;
/*!40101 SET @OLD_SQL_MODE=@@SQL_MODE, SQL_MODE='NO_AUTO_VALUE_ON_ZERO' */;
/*!40111 SET @OLD_SQL_NOTES=@@SQL_NOTES, SQL_NOTES=0 */;

--
-- Table structure for table `adventure_user`
--

DROP TABLE IF EXISTS `adventure_user`;
/*!40101 SET @saved_cs_client     = @@character_set_client */;
/*!40101 SET character_set_client = utf8 */;
CREATE TABLE `adventure_user` (
  `adventure_id` bigint(20) unsigned NOT NULL,
  `user_id` bigint(20) unsigned NOT NULL,
  `created_at` timestamp NULL DEFAULT NULL,
  `updated_at` timestamp NULL DEFAULT NULL,
  PRIMARY KEY (`adventure_id`,`user_id`),
  KEY `adventure_user_user_id_foreign` (`user_id`),
  CONSTRAINT `adventure_user_adventure_id_foreign` FOREIGN KEY (`adventure_id`) REFERENCES `adventures` (`id`) ON DELETE CASCADE,
  CONSTRAINT `adventure_user_user_id_foreign` FOREIGN KEY (`user_id`) REFERENCES `users` (`id`) ON DELETE CASCADE
) ENGINE=InnoDB DEFAULT CHARSET=utf8mb4 COLLATE=utf8mb4_unicode_ci;
/*!40101 SET character_set_client = @saved_cs_client */;

--
-- Dumping data for table `adventure_user`
--

LOCK TABLES `adventure_user` WRITE;
/*!40000 ALTER TABLE `adventure_user` DISABLE KEYS */;
INSERT INTO `adventure_user` VALUES (1,5,NULL,NULL),(1,9,NULL,NULL),(1,15,NULL,NULL),(1,38,NULL,NULL),(1,39,NULL,NULL),(1,47,NULL,NULL),(1,50,NULL,NULL),(1,53,NULL,NULL),(1,56,NULL,NULL),(1,57,NULL,NULL),(1,64,NULL,NULL),(1,67,NULL,NULL),(1,77,NULL,NULL),(1,80,NULL,NULL),(1,91,NULL,NULL),(1,97,NULL,NULL),(1,99,NULL,NULL),(1,101,NULL,NULL),(2,38,NULL,NULL),(2,52,NULL,NULL),(2,101,NULL,NULL),(3,7,NULL,NULL),(3,24,NULL,NULL),(3,34,NULL,NULL),(3,40,NULL,NULL),(3,45,NULL,NULL),(3,52,NULL,NULL),(3,53,NULL,NULL),(3,59,NULL,NULL),(3,64,NULL,NULL),(3,73,NULL,NULL),(3,74,NULL,NULL),(3,77,NULL,NULL),(3,80,NULL,NULL),(3,84,NULL,NULL),(3,90,NULL,NULL),(3,93,NULL,NULL),(3,96,NULL,NULL),(4,27,NULL,NULL),(4,28,NULL,NULL),(4,34,NULL,NULL),(4,55,NULL,NULL),(4,87,NULL,NULL),(4,91,NULL,NULL),(5,1,NULL,NULL),(5,21,NULL,NULL),(5,25,NULL,NULL),(5,43,NULL,NULL),(5,52,NULL,NULL),(5,88,NULL,NULL),(5,89,NULL,NULL),(5,92,NULL,NULL),(6,70,NULL,NULL),(6,85,NULL,NULL),(7,57,NULL,NULL),(7,61,NULL,NULL),(7,65,NULL,NULL),(7,69,NULL,NULL),(7,84,NULL,NULL),(8,7,NULL,NULL),(8,30,NULL,NULL),(8,44,NULL,NULL),(8,55,NULL,NULL),(8,84,NULL,NULL),(9,1,NULL,NULL),(9,3,NULL,NULL),(9,55,NULL,NULL),(9,79,NULL,NULL),(9,87,NULL,NULL),(10,13,NULL,NULL),(10,14,NULL,NULL),(10,24,NULL,NULL),(10,32,NULL,NULL),(10,35,NULL,NULL),(10,38,NULL,NULL),(10,67,NULL,NULL),(10,79,NULL,NULL),(10,86,NULL,NULL),(10,95,NULL,NULL),(10,98,NULL,NULL),(11,4,NULL,NULL),(11,66,NULL,NULL),(12,2,NULL,NULL),(12,7,NULL,NULL),(12,11,NULL,NULL),(12,42,NULL,NULL),(12,72,NULL,NULL),(12,74,NULL,NULL),(12,93,NULL,NULL),(12,94,NULL,NULL),(13,11,NULL,NULL),(13,25,NULL,NULL),(13,40,NULL,NULL),(13,62,NULL,NULL),(13,92,NULL,NULL),(13,97,NULL,NULL),(14,2,NULL,NULL),(14,20,NULL,NULL),(14,29,NULL,NULL),(14,37,NULL,NULL),(14,54,NULL,NULL),(14,55,NULL,NULL),(14,59,NULL,NULL),(14,76,NULL,NULL),(14,82,NULL,NULL),(14,86,NULL,NULL),(14,89,NULL,NULL),(14,99,NULL,NULL),(15,73,NULL,NULL),(15,84,NULL,NULL),(15,91,NULL,NULL),(16,21,NULL,NULL),(16,23,NULL,NULL),(16,29,NULL,NULL),(16,31,NULL,NULL),(16,37,NULL,NULL),(16,41,NULL,NULL),(16,42,NULL,NULL),(16,44,NULL,NULL),(16,47,NULL,NULL),(16,63,NULL,NULL),(16,66,NULL,NULL),(16,70,NULL,NULL),(16,74,NULL,NULL),(16,76,NULL,NULL),(16,94,NULL,NULL),(17,14,NULL,NULL),(17,30,NULL,NULL),(17,47,NULL,NULL),(17,53,NULL,NULL),(17,57,NULL,NULL),(17,62,NULL,NULL),(17,66,NULL,NULL),(17,72,NULL,NULL),(17,73,NULL,NULL),(17,75,NULL,NULL),(17,93,NULL,NULL),(18,10,NULL,NULL),(18,25,NULL,NULL),(18,49,NULL,NULL),(18,53,NULL,NULL),(18,58,NULL,NULL),(18,59,NULL,NULL),(18,61,NULL,NULL),(18,63,NULL,NULL),(18,65,NULL,NULL),(18,67,NULL,NULL),(18,70,NULL,NULL),(18,74,NULL,NULL),(18,79,NULL,NULL),(18,91,NULL,NULL),(18,100,NULL,NULL),(19,7,NULL,NULL),(19,17,NULL,NULL),(19,64,NULL,NULL),(19,68,NULL,NULL),(19,69,NULL,NULL),(20,1,NULL,NULL),(20,2,NULL,NULL),(20,19,NULL,NULL),(20,21,NULL,NULL),(20,27,NULL,NULL),(20,34,NULL,NULL),(20,37,NULL,NULL),(20,39,NULL,NULL),(20,43,NULL,NULL),(20,49,NULL,NULL),(20,68,NULL,NULL),(20,75,NULL,NULL),(20,89,NULL,NULL),(20,90,NULL,NULL),(20,91,NULL,NULL),(20,92,NULL,NULL),(21,15,NULL,NULL),(21,32,NULL,NULL),(21,34,NULL,NULL),(21,45,NULL,NULL),(21,61,NULL,NULL),(22,28,NULL,NULL),(22,53,NULL,NULL),(22,88,NULL,NULL),(23,35,NULL,NULL),(23,42,NULL,NULL),(23,47,NULL,NULL),(23,61,NULL,NULL),(23,77,NULL,NULL),(24,22,NULL,NULL),(24,34,NULL,NULL),(24,83,NULL,NULL),(25,3,NULL,NULL),(25,5,NULL,NULL),(25,9,NULL,NULL),(25,10,NULL,NULL),(25,22,NULL,NULL),(25,30,NULL,NULL),(25,41,NULL,NULL),(25,45,NULL,NULL),(25,78,NULL,NULL),(25,81,NULL,NULL),(26,7,NULL,NULL),(26,12,NULL,NULL),(26,40,NULL,NULL),(26,58,NULL,NULL),(26,85,NULL,NULL),(27,2,NULL,NULL),(27,7,NULL,NULL),(27,33,NULL,NULL),(27,35,NULL,NULL),(27,67,NULL,NULL),(27,68,NULL,NULL),(27,72,NULL,NULL),(27,89,NULL,NULL),(27,92,NULL,NULL),(28,16,NULL,NULL),(28,53,NULL,NULL),(28,63,NULL,NULL),(28,77,NULL,NULL),(28,92,NULL,NULL),(29,18,NULL,NULL),(29,19,NULL,NULL),(29,27,NULL,NULL),(29,28,NULL,NULL),(29,47,NULL,NULL),(29,55,NULL,NULL),(29,66,NULL,NULL),(29,75,NULL,NULL),(29,78,NULL,NULL),(29,88,NULL,NULL),(30,99,NULL,NULL),(31,1,NULL,NULL),(31,5,NULL,NULL),(31,13,NULL,NULL),(31,16,NULL,NULL),(31,18,NULL,NULL),(31,27,NULL,NULL),(31,28,NULL,NULL),(31,34,NULL,NULL),(31,38,NULL,NULL),(31,71,NULL,NULL),(31,73,NULL,NULL),(31,83,NULL,NULL),(32,3,NULL,NULL),(32,10,NULL,NULL),(32,28,NULL,NULL),(32,34,NULL,NULL),(32,35,NULL,NULL),(32,57,NULL,NULL),(32,59,NULL,NULL),(32,62,NULL,NULL),(32,77,NULL,NULL),(32,87,NULL,NULL),(32,98,NULL,NULL),(33,24,NULL,NULL),(33,70,NULL,NULL),(33,85,NULL,NULL),(33,92,NULL,NULL),(33,100,NULL,NULL),(34,11,NULL,NULL),(34,17,NULL,NULL),(34,18,NULL,NULL),(34,23,NULL,NULL),(34,27,NULL,NULL),(34,28,NULL,NULL),(34,40,NULL,NULL),(34,54,NULL,NULL),(34,55,NULL,NULL),(34,58,NULL,NULL),(34,67,NULL,NULL),(34,80,NULL,NULL),(34,81,NULL,NULL),(34,83,NULL,NULL),(34,85,NULL,NULL),(34,92,NULL,NULL),(35,16,NULL,NULL),(35,29,NULL,NULL),(35,37,NULL,NULL),(35,40,NULL,NULL),(35,44,NULL,NULL),(35,63,NULL,NULL),(35,69,NULL,NULL),(35,75,NULL,NULL),(35,84,NULL,NULL),(35,89,NULL,NULL),(35,92,NULL,NULL),(35,95,NULL,NULL),(35,100,NULL,NULL),(36,22,NULL,NULL),(36,60,NULL,NULL),(36,61,NULL,NULL),(36,63,NULL,NULL),(36,73,NULL,NULL),(36,77,NULL,NULL),(36,94,NULL,NULL),(37,68,NULL,NULL),(38,3,NULL,NULL),(38,10,NULL,NULL),(38,17,NULL,NULL),(38,19,NULL,NULL),(38,20,NULL,NULL),(38,27,NULL,NULL),(38,32,NULL,NULL),(38,39,NULL,NULL),(38,47,NULL,NULL),(38,49,NULL,NULL),(38,60,NULL,NULL),(39,36,NULL,NULL),(39,55,NULL,NULL),(39,70,NULL,NULL),(39,93,NULL,NULL),(39,98,NULL,NULL),(40,5,NULL,NULL),(40,13,NULL,NULL),(40,36,NULL,NULL),(40,37,NULL,NULL),(40,44,NULL,NULL),(40,50,NULL,NULL),(40,75,NULL,NULL),(40,77,NULL,NULL),(40,84,NULL,NULL),(41,38,NULL,NULL),(42,57,NULL,NULL),(43,86,NULL,NULL),(44,22,NULL,NULL),(44,25,NULL,NULL),(44,27,NULL,NULL),(44,34,NULL,NULL),(44,47,NULL,NULL),(44,53,NULL,NULL),(44,58,NULL,NULL),(44,60,NULL,NULL),(44,93,NULL,NULL),(45,1,NULL,NULL),(45,8,NULL,NULL),(45,20,NULL,NULL),(45,24,NULL,NULL),(45,54,NULL,NULL),(45,69,NULL,NULL),(45,70,NULL,NULL),(45,82,NULL,NULL),(45,90,NULL,NULL),(46,4,NULL,NULL),(46,7,NULL,NULL),(46,12,NULL,NULL),(46,13,NULL,NULL),(46,40,NULL,NULL),(46,42,NULL,NULL),(46,45,NULL,NULL),(46,50,NULL,NULL),(46,52,NULL,NULL),(46,56,NULL,NULL),(46,62,NULL,NULL),(46,76,NULL,NULL),(46,77,NULL,NULL),(46,87,NULL,NULL),(46,92,NULL,NULL),(46,98,NULL,NULL),(47,7,NULL,NULL),(47,18,NULL,NULL),(47,26,NULL,NULL),(47,40,NULL,NULL),(47,49,NULL,NULL),(47,59,NULL,NULL),(47,60,NULL,NULL),(47,64,NULL,NULL),(47,73,NULL,NULL),(47,88,NULL,NULL),(48,43,NULL,NULL),(48,75,NULL,NULL),(49,4,NULL,NULL),(49,46,NULL,NULL),(49,57,NULL,NULL),(49,66,NULL,NULL),(49,75,NULL,NULL),(49,93,NULL,NULL),(50,4,NULL,NULL),(50,12,NULL,NULL),(50,29,NULL,NULL),(50,56,NULL,NULL),(50,81,NULL,NULL),(51,11,NULL,NULL),(51,23,NULL,NULL),(51,30,NULL,NULL),(51,77,NULL,NULL),(51,98,NULL,NULL),(52,8,NULL,NULL),(52,24,NULL,NULL),(52,45,NULL,NULL),(52,48,NULL,NULL),(52,66,NULL,NULL),(52,79,NULL,NULL),(53,30,NULL,NULL),(53,35,NULL,NULL),(53,70,NULL,NULL),(53,71,NULL,NULL),(53,95,NULL,NULL),(54,45,NULL,NULL),(54,53,NULL,NULL),(54,87,NULL,NULL),(55,2,NULL,NULL),(55,3,NULL,NULL),(55,19,NULL,NULL),(55,41,NULL,NULL),(55,50,NULL,NULL),(55,59,NULL,NULL),(55,69,NULL,NULL),(55,70,NULL,NULL),(55,96,NULL,NULL),(56,4,NULL,NULL),(56,25,NULL,NULL),(56,48,NULL,NULL),(56,89,NULL,NULL),(57,12,NULL,NULL),(57,65,NULL,NULL),(58,48,NULL,NULL),(59,29,NULL,NULL),(59,38,NULL,NULL),(60,21,NULL,NULL),(61,18,NULL,NULL),(61,52,NULL,NULL),(61,57,NULL,NULL),(62,14,NULL,NULL),(62,47,NULL,NULL),(62,74,NULL,NULL),(62,94,NULL,NULL),(62,96,NULL,NULL),(63,1,NULL,NULL),(63,2,NULL,NULL),(63,10,NULL,NULL),(63,66,NULL,NULL),(63,68,NULL,NULL),(63,70,NULL,NULL),(63,72,NULL,NULL),(63,76,NULL,NULL),(64,92,NULL,NULL),(64,95,NULL,NULL),(65,19,NULL,NULL),(65,24,NULL,NULL),(65,33,NULL,NULL),(65,35,NULL,NULL),(65,39,NULL,NULL),(65,42,NULL,NULL),(65,49,NULL,NULL),(65,53,NULL,NULL),(65,56,NULL,NULL),(65,66,NULL,NULL),(65,67,NULL,NULL),(65,69,NULL,NULL),(65,71,NULL,NULL),(65,90,NULL,NULL),(66,3,NULL,NULL),(66,8,NULL,NULL),(66,24,NULL,NULL),(66,42,NULL,NULL),(66,68,NULL,NULL),(66,79,NULL,NULL),(66,81,NULL,NULL),(67,2,NULL,NULL),(67,14,NULL,NULL),(67,18,NULL,NULL),(67,28,NULL,NULL),(67,38,NULL,NULL),(67,61,NULL,NULL),(67,66,NULL,NULL),(67,81,NULL,NULL),(67,86,NULL,NULL),(67,94,NULL,NULL),(68,2,NULL,NULL),(68,61,NULL,NULL),(69,5,NULL,NULL),(69,33,NULL,NULL),(69,45,NULL,NULL),(69,66,NULL,NULL),(69,83,NULL,NULL),(70,6,NULL,NULL),(70,7,NULL,NULL),(70,13,NULL,NULL),(70,23,NULL,NULL),(70,27,NULL,NULL),(70,31,NULL,NULL),(70,39,NULL,NULL),(70,48,NULL,NULL),(70,52,NULL,NULL),(70,59,NULL,NULL),(70,73,NULL,NULL),(70,98,NULL,NULL),(72,3,NULL,NULL),(72,18,NULL,NULL),(72,23,NULL,NULL),(72,28,NULL,NULL),(72,38,NULL,NULL),(72,47,NULL,NULL),(72,69,NULL,NULL),(72,71,NULL,NULL),(72,84,NULL,NULL),(72,92,NULL,NULL),(73,8,NULL,NULL),(73,10,NULL,NULL),(73,12,NULL,NULL),(73,13,NULL,NULL),(73,17,NULL,NULL),(73,23,NULL,NULL),(73,27,NULL,NULL),(73,38,NULL,NULL),(73,40,NULL,NULL),(73,42,NULL,NULL),(73,45,NULL,NULL),(73,52,NULL,NULL),(73,64,NULL,NULL),(73,77,NULL,NULL),(73,79,NULL,NULL),(73,85,NULL,NULL),(73,100,NULL,NULL),(74,43,NULL,NULL),(74,59,NULL,NULL),(74,83,NULL,NULL),(74,84,NULL,NULL),(75,20,NULL,NULL),(75,31,NULL,NULL),(75,35,NULL,NULL),(75,46,NULL,NULL),(75,48,NULL,NULL),(75,68,NULL,NULL),(75,89,NULL,NULL),(75,90,NULL,NULL),(75,95,NULL,NULL),(77,5,NULL,NULL),(78,3,NULL,NULL),(78,7,NULL,NULL),(78,82,NULL,NULL),(79,9,NULL,NULL),(79,22,NULL,NULL),(79,28,NULL,NULL),(79,37,NULL,NULL),(79,60,NULL,NULL),(79,90,NULL,NULL),(80,2,NULL,NULL),(80,4,NULL,NULL),(80,42,NULL,NULL),(80,48,NULL,NULL),(80,62,NULL,NULL),(80,74,NULL,NULL),(80,76,NULL,NULL),(80,94,NULL,NULL),(81,8,NULL,NULL),(81,21,NULL,NULL),(81,41,NULL,NULL),(81,43,NULL,NULL),(81,51,NULL,NULL),(81,59,NULL,NULL),(81,65,NULL,NULL),(82,19,NULL,NULL),(82,25,NULL,NULL),(82,40,NULL,NULL),(82,42,NULL,NULL),(82,63,NULL,NULL),(82,66,NULL,NULL),(82,85,NULL,NULL),(82,92,NULL,NULL),(83,17,NULL,NULL),(83,85,NULL,NULL),(83,93,NULL,NULL),(84,2,NULL,NULL),(84,6,NULL,NULL),(84,12,NULL,NULL),(84,15,NULL,NULL),(84,17,NULL,NULL),(84,21,NULL,NULL),(84,24,NULL,NULL),(84,37,NULL,NULL),(84,41,NULL,NULL),(84,47,NULL,NULL),(84,48,NULL,NULL),(84,56,NULL,NULL),(84,70,NULL,NULL),(84,76,NULL,NULL),(84,95,NULL,NULL),(85,68,NULL,NULL),(85,69,NULL,NULL),(85,76,NULL,NULL),(87,74,NULL,NULL),(88,7,NULL,NULL),(88,41,NULL,NULL),(90,2,NULL,NULL),(90,27,NULL,NULL),(90,37,NULL,NULL),(90,42,NULL,NULL),(90,43,NULL,NULL),(90,44,NULL,NULL),(90,45,NULL,NULL),(90,52,NULL,NULL),(90,54,NULL,NULL),(90,72,NULL,NULL),(90,89,NULL,NULL),(90,93,NULL,NULL),(92,3,NULL,NULL),(92,10,NULL,NULL),(92,11,NULL,NULL),(92,13,NULL,NULL),(92,15,NULL,NULL),(92,16,NULL,NULL),(92,20,NULL,NULL),(92,26,NULL,NULL),(92,34,NULL,NULL),(92,53,NULL,NULL),(92,59,NULL,NULL),(92,85,NULL,NULL),(92,89,NULL,NULL),(92,93,NULL,NULL),(92,96,NULL,NULL),(93,22,NULL,NULL),(93,42,NULL,NULL),(93,44,NULL,NULL),(93,46,NULL,NULL),(93,51,NULL,NULL),(93,62,NULL,NULL),(93,68,NULL,NULL),(93,72,NULL,NULL),(93,80,NULL,NULL),(93,98,NULL,NULL),(94,8,NULL,NULL),(94,22,NULL,NULL),(94,25,NULL,NULL),(94,74,NULL,NULL),(94,77,NULL,NULL),(94,82,NULL,NULL),(94,84,NULL,NULL),(94,96,NULL,NULL),(95,31,NULL,NULL),(95,35,NULL,NULL),(95,61,NULL,NULL),(95,62,NULL,NULL),(95,72,NULL,NULL),(95,75,NULL,NULL),(96,12,NULL,NULL),(96,18,NULL,NULL),(96,26,NULL,NULL),(96,33,NULL,NULL),(96,34,NULL,NULL),(96,35,NULL,NULL),(96,51,NULL,NULL),(96,60,NULL,NULL),(96,71,NULL,NULL),(96,76,NULL,NULL),(96,82,NULL,NULL),(96,83,NULL,NULL),(96,85,NULL,NULL),(96,90,NULL,NULL),(96,98,NULL,NULL),(97,2,NULL,NULL),(97,7,NULL,NULL),(97,15,NULL,NULL),(97,17,NULL,NULL),(97,19,NULL,NULL),(97,41,NULL,NULL),(97,72,NULL,NULL),(97,73,NULL,NULL),(97,78,NULL,NULL),(97,81,NULL,NULL),(97,82,NULL,NULL),(97,89,NULL,NULL),(97,98,NULL,NULL),(97,99,NULL,NULL),(98,1,NULL,NULL),(98,15,NULL,NULL),(98,38,NULL,NULL),(98,39,NULL,NULL),(98,42,NULL,NULL),(98,56,NULL,NULL),(98,79,NULL,NULL),(98,94,NULL,NULL),(100,14,NULL,NULL),(100,24,NULL,NULL),(100,49,NULL,NULL),(100,52,NULL,NULL),(100,69,NULL,NULL);
/*!40000 ALTER TABLE `adventure_user` ENABLE KEYS */;
UNLOCK TABLES;

--
-- Table structure for table `adventures`
--

DROP TABLE IF EXISTS `adventures`;
/*!40101 SET @saved_cs_client     = @@character_set_client */;
/*!40101 SET character_set_client = utf8 */;
CREATE TABLE `adventures` (
  `id` bigint(20) unsigned NOT NULL AUTO_INCREMENT,
  `title` varchar(255) NOT NULL,
  `description` text NOT NULL,
  `location` varchar(255) NOT NULL,
  `date` datetime NOT NULL,
  `duration` int(11) NOT NULL,
  `capacity` int(11) NOT NULL,
  `image_url` varchar(255) DEFAULT NULL,
  `user_id` bigint(20) unsigned NOT NULL,
  `created_at` timestamp NULL DEFAULT NULL,
  `updated_at` timestamp NULL DEFAULT NULL,
  PRIMARY KEY (`id`),
  KEY `adventures_user_id_foreign` (`user_id`),
  CONSTRAINT `adventures_user_id_foreign` FOREIGN KEY (`user_id`) REFERENCES `users` (`id`) ON DELETE CASCADE
) ENGINE=InnoDB AUTO_INCREMENT=101 DEFAULT CHARSET=utf8mb4 COLLATE=utf8mb4_unicode_ci;
/*!40101 SET character_set_client = @saved_cs_client */;

--
-- Dumping data for table `adventures`
--

LOCK TABLES `adventures` WRITE;
/*!40000 ALTER TABLE `adventures` DISABLE KEYS */;
INSERT INTO `adventures` VALUES (1,'Nobis voluptas sit et mollitia iusto suscipit qui.','Voluptatum impedit aliquid libero dignissimos sunt quo id. Sunt quo natus sequi doloremque. Dolore officia esse culpa necessitatibus ipsum. Ut sit odio beatae ut est dolor.','Fredaview','2025-01-22 14:18:43',173,18,'https://images.pexels.com/photos/1659437/pexels-photo-1659437.jpeg',1,'2024-05-28 14:18:43','2024-05-28 14:18:43'),(2,'Quaerat consequuntur pariatur sed laborum rerum doloribus harum.','Accusantium qui id asperiores cumque reiciendis sunt inventore. Asperiores vel ea repellendus quia architecto. Omnis quas harum voluptas fuga. Quae nostrum voluptatem maiores ut nobis.','Adrienburgh','2024-10-31 14:18:43',136,9,'https://images.pexels.com/photos/1365425/pexels-photo-1365425.jpeg?auto=compress&cs=tinysrgb&w=1260&h=750&dpr=1',2,'2024-05-28 14:18:43','2024-05-28 14:18:43'),(3,'Qui quae numquam sed illum aut maxime maxime molestias.','Esse distinctio non dicta ipsa. Qui occaecati aut molestiae quo quo. Necessitatibus architecto aperiam esse rerum. Possimus quia dolorum non blanditiis error.','New Claudeton','2024-07-29 14:18:43',99,18,'https://images.pexels.com/photos/705075/pexels-photo-705075.jpeg?auto=compress&cs=tinysrgb&w=1260&h=750&dpr=1',3,'2024-05-28 14:18:43','2024-05-28 14:18:43'),(4,'Sit quia et rerum eos et quidem atque reprehenderit.','Tenetur consequatur perferendis perferendis suscipit ut. Hic velit optio et ullam perspiciatis est dolor. Vel rem quam quis deserunt est labore. Incidunt quos eveniet beatae dolor et.','Hayesport','2025-03-24 14:18:43',32,13,'https://images.pexels.com/photos/2398220/pexels-photo-2398220.jpeg?auto=compress&cs=tinysrgb&w=1260&h=750&dpr=1',4,'2024-05-28 14:18:43','2024-05-28 14:18:43'),(5,'Nisi neque ut consequuntur molestiae.','Nihil id quia dolor blanditiis quod sed rerum. Ea maiores odit consequatur ullam sed hic est. Unde totam quia sed enim consequuntur et nihil.','East Amelieberg','2024-10-24 14:18:43',36,17,'https://images.pexels.com/photos/2398220/pexels-photo-2398220.jpeg?auto=compress&cs=tinysrgb&w=1260&h=750&dpr=1',5,'2024-05-28 14:18:43','2024-05-28 14:18:43'),(6,'Eligendi exercitationem reprehenderit sint sapiente.','Laudantium enim libero beatae minus ipsum harum error rerum. Saepe voluptas modi qui. Quam sint nostrum et culpa vel corporis.','East Jerald','2025-01-13 14:18:43',172,6,'https://images.pexels.com/photos/1365425/pexels-photo-1365425.jpeg?auto=compress&cs=tinysrgb&w=1260&h=750&dpr=1',6,'2024-05-28 14:18:43','2024-05-28 14:18:43'),(7,'Tempora aperiam voluptas sunt temporibus odit asperiores.','Eius quia iure harum quam officiis. Eligendi fuga hic quod voluptas aut atque sint et. Sed quasi impedit quo aliquid.','North Antonietta','2025-01-14 14:18:43',209,20,'https://images.pexels.com/photos/2398220/pexels-photo-2398220.jpeg?auto=compress&cs=tinysrgb&w=1260&h=750&dpr=1',7,'2024-05-28 14:18:43','2024-05-28 14:18:43'),(8,'Aut incidunt necessitatibus accusamus nostrum optio et nemo.','Nesciunt sapiente exercitationem non non quo. Facere dolores dolor ex deleniti illo. Repudiandae quos doloremque nisi quisquam molestiae asperiores.','Emiliaberg','2025-02-11 14:18:43',210,8,'https://images.pexels.com/photos/1365425/pexels-photo-1365425.jpeg?auto=compress&cs=tinysrgb&w=1260&h=750&dpr=1',8,'2024-05-28 14:18:43','2024-05-28 14:18:43'),(9,'Qui eius repellat modi sint tenetur quasi.','Excepturi quis atque libero deserunt quia ab voluptatum modi. Consequuntur asperiores harum aliquid dolorem facilis voluptatem. Accusamus illum et et. Neque voluptates et sequi culpa dolorum earum.','Ryantown','2025-05-27 14:18:43',150,8,'https://images.pexels.com/photos/1659437/pexels-photo-1659437.jpeg',9,'2024-05-28 14:18:43','2024-05-28 14:18:43'),(10,'Fuga voluptas architecto dolor excepturi sed aspernatur voluptatum.','Magni doloribus inventore atque voluptas rerum. Quidem dicta illum et fugiat ex nesciunt. Magnam est aliquam ut necessitatibus itaque ea sunt. Asperiores earum aut fugit nisi aut sed delectus sit.','Port Oratown','2024-07-22 14:18:43',169,18,'https://images.pexels.com/photos/705075/pexels-photo-705075.jpeg?auto=compress&cs=tinysrgb&w=1260&h=750&dpr=1',10,'2024-05-28 14:18:43','2024-05-28 14:18:43'),(11,'Possimus quasi sunt ullam voluptas fuga sequi sunt.','Molestias eius id facilis iure et. Quis ad dolor et laborum culpa et et. Vero vel eum vel natus voluptatibus nam enim atque. Sequi possimus distinctio facere ducimus.','Sarahshire','2024-11-18 14:18:43',49,11,'https://images.pexels.com/photos/758744/pexels-photo-758744.jpeg?auto=compress&cs=tinysrgb&w=1260&h=750&dpr=1',11,'2024-05-28 14:18:43','2024-05-28 14:18:43'),(12,'Ut repudiandae sed autem ut.','Rerum optio omnis accusantium quas occaecati ipsa. Excepturi earum quo deserunt assumenda nihil natus ducimus nulla. Qui expedita magni maiores itaque placeat quaerat neque.','North Cassandre','2025-02-18 14:18:43',150,9,'https://images.pexels.com/photos/2398220/pexels-photo-2398220.jpeg?auto=compress&cs=tinysrgb&w=1260&h=750&dpr=1',12,'2024-05-28 14:18:43','2024-05-28 14:18:43'),(13,'Dicta vitae molestias voluptas dignissimos.','Illum iure fuga aut reiciendis nam. Debitis velit nihil neque. Aliquid nam quia assumenda autem et delectus.','Hellermouth','2025-03-29 14:18:43',204,8,'https://images.pexels.com/photos/1365425/pexels-photo-1365425.jpeg?auto=compress&cs=tinysrgb&w=1260&h=750&dpr=1',13,'2024-05-28 14:18:43','2024-05-28 14:18:43'),(14,'Molestiae alias fugit corrupti dolor modi omnis.','Totam iste neque voluptas fuga debitis aliquid nihil. Quas aut ut perferendis optio blanditiis rerum. Inventore ad commodi voluptate iure asperiores repudiandae.','Preciousberg','2024-07-08 14:18:43',49,17,'https://images.pexels.com/photos/758744/pexels-photo-758744.jpeg?auto=compress&cs=tinysrgb&w=1260&h=750&dpr=1',14,'2024-05-28 14:18:43','2024-05-28 14:18:43'),(15,'Officiis qui dignissimos consequatur dolor non.','In libero libero quasi illo voluptatibus accusantium. Omnis magnam at maxime blanditiis. Eius in doloribus eligendi omnis. Est dolor aut aspernatur est et ipsam. Dolorem possimus quasi eaque mollitia qui in.','Kemmerview','2024-07-03 14:18:43',210,8,'https://images.pexels.com/photos/2398220/pexels-photo-2398220.jpeg?auto=compress&cs=tinysrgb&w=1260&h=750&dpr=1',15,'2024-05-28 14:18:43','2024-05-28 14:18:43'),(16,'Porro rerum doloremque nobis et enim.','Quo quia voluptas debitis aperiam accusamus illum a magni. Ducimus et odio autem ipsa. Quia velit et rerum sit dicta.','New Flavieton','2024-08-02 14:18:43',113,15,'https://images.pexels.com/photos/1365425/pexels-photo-1365425.jpeg?auto=compress&cs=tinysrgb&w=1260&h=750&dpr=1',16,'2024-05-28 14:18:43','2024-05-28 14:18:43'),(17,'Nobis dicta omnis tempora et eos.','Ab explicabo est id minima. In porro occaecati aut repudiandae repellat doloribus eaque. Debitis molestiae aperiam et nobis.','Kuphalfort','2025-03-30 14:18:43',49,11,'https://images.pexels.com/photos/1659437/pexels-photo-1659437.jpeg',17,'2024-05-28 14:18:43','2024-05-28 14:18:43'),(18,'Et dolores ipsa odio tenetur.','Accusamus hic omnis dolores. Rerum qui qui ut quam enim quia. Enim aut in quia itaque. Consequatur adipisci modi non mollitia omnis omnis ex.','Lake Brennanchester','2025-01-06 14:18:43',59,19,'https://images.pexels.com/photos/1659437/pexels-photo-1659437.jpeg',18,'2024-05-28 14:18:43','2024-05-28 14:18:43'),(19,'Sed hic est eos inventore illo dignissimos.','A quod eos incidunt rerum eius eum. Distinctio velit numquam quis qui tempora provident. Commodi quis ut vero enim.','Port Leonemouth','2025-05-24 14:18:43',145,7,'https://images.pexels.com/photos/1659437/pexels-photo-1659437.jpeg',19,'2024-05-28 14:18:43','2024-05-28 14:18:43'),(20,'Ad aperiam ut provident nihil.','Illum cum perferendis eos consequuntur est hic. Beatae dolor sed vitae asperiores eum nobis veniam. Fugit voluptates officia aliquid iste error quia sapiente qui. Officiis cum quis vero sed. Libero tempora illum omnis accusamus aliquam et.','Pollichmouth','2025-03-18 14:18:43',228,16,'https://images.pexels.com/photos/758744/pexels-photo-758744.jpeg?auto=compress&cs=tinysrgb&w=1260&h=750&dpr=1',20,'2024-05-28 14:18:43','2024-05-28 14:18:43'),(21,'Numquam quis inventore impedit.','Velit et sapiente odio dolorum. Dignissimos sit nobis inventore. Officia eligendi est dicta animi est. Eius ab aut quod voluptas laboriosam. Omnis est quia quasi veniam iusto odit quas.','Port Macyburgh','2024-08-05 14:18:43',30,7,'https://images.pexels.com/photos/2398220/pexels-photo-2398220.jpeg?auto=compress&cs=tinysrgb&w=1260&h=750&dpr=1',21,'2024-05-28 14:18:43','2024-05-28 14:18:43'),(22,'Neque aut voluptas aut praesentium non molestiae.','Est quo sed quo doloremque dicta. Ab saepe aut voluptate dolorem consequatur maiores adipisci. Consequatur nobis officia at alias facilis aut perferendis.','Evastad','2024-09-22 14:18:43',127,16,'https://images.pexels.com/photos/1365425/pexels-photo-1365425.jpeg?auto=compress&cs=tinysrgb&w=1260&h=750&dpr=1',22,'2024-05-28 14:18:43','2024-05-28 14:18:43'),(23,'Aut non nam et laboriosam quasi quasi.','Magni qui enim sed et perspiciatis ullam. In rerum quam corrupti et dolor. Minima ipsum dolores optio nisi quia error ipsam.','West Juliusbury','2024-11-28 14:18:43',79,11,'https://images.pexels.com/photos/758744/pexels-photo-758744.jpeg?auto=compress&cs=tinysrgb&w=1260&h=750&dpr=1',23,'2024-05-28 14:18:43','2024-05-28 14:18:43'),(24,'Itaque laborum id voluptatum rem asperiores dolorum.','Voluptates aspernatur tempore dolorum saepe aperiam veritatis dolorem perferendis. Qui est quis et dignissimos ut adipisci. Libero quam voluptatem omnis. Possimus magnam libero et qui quibusdam.','South Elnora','2024-09-07 14:18:43',172,18,'https://images.pexels.com/photos/2398220/pexels-photo-2398220.jpeg?auto=compress&cs=tinysrgb&w=1260&h=750&dpr=1',24,'2024-05-28 14:18:43','2024-05-28 14:18:43'),(25,'Omnis nam praesentium numquam ut adipisci.','Occaecati nam odit sunt accusantium. Est dignissimos qui magnam iste. Quo reiciendis sed culpa voluptatem.','New Aditya','2024-11-16 14:18:43',69,12,'https://images.pexels.com/photos/2398220/pexels-photo-2398220.jpeg?auto=compress&cs=tinysrgb&w=1260&h=750&dpr=1',25,'2024-05-28 14:18:43','2024-05-28 14:18:43'),(26,'Culpa non dolorem aliquid dolorem enim ipsam voluptas.','Est in at ipsam aut. Consequatur cupiditate facere consequatur ullam eum et.','Lacytown','2024-06-14 14:18:43',140,5,'https://images.pexels.com/photos/1365425/pexels-photo-1365425.jpeg?auto=compress&cs=tinysrgb&w=1260&h=750&dpr=1',26,'2024-05-28 14:18:43','2024-05-28 14:18:43'),(27,'Minima dolorum debitis aut sit.','Iure omnis ut consequatur deserunt in dolor magni. Facilis alias autem et quos doloribus cupiditate. In modi suscipit non praesentium quia ullam veniam. Molestiae ut doloremque amet quia aut ut.','Reillymouth','2024-08-28 14:18:43',45,19,'https://images.pexels.com/photos/705075/pexels-photo-705075.jpeg?auto=compress&cs=tinysrgb&w=1260&h=750&dpr=1',27,'2024-05-28 14:18:43','2024-05-28 14:18:43'),(28,'Quia similique fugit aut qui.','Voluptas harum et modi rem delectus. Maiores nemo et asperiores eaque quis sequi ab. Dolore qui omnis accusantium sed veritatis.','Travishaven','2024-09-17 14:18:43',96,13,'https://images.pexels.com/photos/1659437/pexels-photo-1659437.jpeg',28,'2024-05-28 14:18:43','2024-05-28 14:18:43'),(29,'Veniam ducimus dolorem iusto soluta enim ad.','Quos eligendi ut quibusdam molestiae. Et et illo neque molestias sequi. Rem dolor voluptates repudiandae sed esse modi molestias. Tenetur cum consequatur vero aliquid.','Port Raina','2025-05-03 14:18:43',146,15,'https://images.pexels.com/photos/2398220/pexels-photo-2398220.jpeg?auto=compress&cs=tinysrgb&w=1260&h=750&dpr=1',29,'2024-05-28 14:18:43','2024-05-28 14:18:43'),(30,'Recusandae nihil eius ea id.','Et minima blanditiis dolores porro. Qui aut nihil ipsam quae autem aut aliquam. Nulla officiis maiores modi consequuntur nam beatae itaque. Vero optio blanditiis dolore enim adipisci.','Elzahaven','2024-09-09 14:18:43',154,12,'https://images.pexels.com/photos/1659437/pexels-photo-1659437.jpeg',30,'2024-05-28 14:18:43','2024-05-28 14:18:43'),(31,'Architecto minus dolorem voluptatem dolor consectetur.','Voluptatem est ut dolorem natus assumenda eaque ut maiores. Qui nam dolores molestias et consequuntur minima ut. Voluptatem similique ipsa officia est quia inventore. Quis sit sed laudantium deleniti aperiam.','East Goldenmouth','2025-02-01 14:18:43',83,20,'https://images.pexels.com/photos/1659437/pexels-photo-1659437.jpeg',31,'2024-05-28 14:18:43','2024-05-28 14:18:43'),(32,'Fuga tenetur perspiciatis et architecto occaecati voluptatum in et.','Aliquam doloribus non quod facilis aut. Neque quia odio mollitia ea. Consequatur qui asperiores et at perferendis quasi nam eligendi.','New Pearlinefort','2024-06-16 14:18:43',97,16,'https://images.pexels.com/photos/2398220/pexels-photo-2398220.jpeg?auto=compress&cs=tinysrgb&w=1260&h=750&dpr=1',32,'2024-05-28 14:18:43','2024-05-28 14:18:43'),(33,'Eum est distinctio totam.','Placeat corporis omnis aut nulla. Repellendus et debitis id et quibusdam aliquid dolorem. Sit qui distinctio ducimus consequatur consequatur.','Welchmouth','2024-12-14 14:18:43',136,11,'https://images.pexels.com/photos/2398220/pexels-photo-2398220.jpeg?auto=compress&cs=tinysrgb&w=1260&h=750&dpr=1',33,'2024-05-28 14:18:43','2024-05-28 14:18:43'),(34,'Quos vero autem et non explicabo.','Error ratione sit debitis quas. Et maxime et autem sit veritatis. Aliquid nemo consequatur id laborum.','Kuhlmanborough','2025-01-08 14:18:43',219,18,'https://images.pexels.com/photos/705075/pexels-photo-705075.jpeg?auto=compress&cs=tinysrgb&w=1260&h=750&dpr=1',34,'2024-05-28 14:18:43','2024-05-28 14:18:43'),(35,'Neque sunt distinctio blanditiis sunt sed sit corrupti a.','Aliquam quibusdam consectetur quasi exercitationem error qui alias. Velit et sint autem commodi iste.','Cordieberg','2025-05-22 14:18:43',73,18,'https://images.pexels.com/photos/705075/pexels-photo-705075.jpeg?auto=compress&cs=tinysrgb&w=1260&h=750&dpr=1',35,'2024-05-28 14:18:43','2024-05-28 14:18:43'),(36,'Corrupti occaecati ut corporis voluptas et.','Id quia consequatur minus ipsum quo fuga autem. Soluta sint earum quo doloremque. Eos occaecati veniam magni iste sit. Nemo quis asperiores repudiandae perferendis ut laboriosam quis.','South Darrin','2024-11-28 14:18:43',221,16,'https://images.pexels.com/photos/2398220/pexels-photo-2398220.jpeg?auto=compress&cs=tinysrgb&w=1260&h=750&dpr=1',36,'2024-05-28 14:18:43','2024-05-28 14:18:43'),(37,'Nobis est esse quae dolore consequatur provident iusto.','Sit velit sint est. Qui reprehenderit magni ut minima doloremque et. Eum provident at suscipit sed molestiae voluptate ex.','Ednafurt','2024-07-12 14:18:43',144,11,'https://images.pexels.com/photos/2398220/pexels-photo-2398220.jpeg?auto=compress&cs=tinysrgb&w=1260&h=750&dpr=1',37,'2024-05-28 14:18:43','2024-05-28 14:18:43'),(38,'Temporibus nostrum ad officiis inventore cum.','Mollitia magnam non et autem consequatur totam. Quo beatae quia autem doloremque nam possimus dolores. Ut eos ipsa rerum eum cum at vero.','Brekkemouth','2024-10-09 14:18:43',50,13,'https://images.pexels.com/photos/2398220/pexels-photo-2398220.jpeg?auto=compress&cs=tinysrgb&w=1260&h=750&dpr=1',38,'2024-05-28 14:18:43','2024-05-28 14:18:43'),(39,'Est omnis aliquam ex rerum sint.','Laudantium accusamus quibusdam autem minus rem. Reiciendis adipisci quaerat magni aperiam est reiciendis. Est ut possimus dolor occaecati dolor sequi et.','Lake Adelle','2025-01-02 14:18:43',175,12,'https://images.pexels.com/photos/1659437/pexels-photo-1659437.jpeg',39,'2024-05-28 14:18:43','2024-05-28 14:18:43'),(40,'At architecto numquam deserunt sunt quasi.','Odio eos sed vel ea. Et deserunt dolorum consectetur sed. Dolor eius nulla laudantium unde sit ad voluptatibus harum.','Kovacekville','2025-04-03 14:18:43',91,10,'https://images.pexels.com/photos/1365425/pexels-photo-1365425.jpeg?auto=compress&cs=tinysrgb&w=1260&h=750&dpr=1',40,'2024-05-28 14:18:43','2024-05-28 14:18:43'),(41,'Molestiae rerum alias cum.','In aspernatur iste vel possimus accusamus ratione. Saepe ut vel autem alias quasi quia. Ea eligendi dolor excepturi. Alias aspernatur illum accusantium enim ea sint.','Lake Nikolas','2025-04-29 14:18:43',75,8,'https://images.pexels.com/photos/2398220/pexels-photo-2398220.jpeg?auto=compress&cs=tinysrgb&w=1260&h=750&dpr=1',41,'2024-05-28 14:18:43','2024-05-28 14:18:43'),(42,'Impedit est velit architecto exercitationem.','Nemo similique possimus corrupti et. Vel quod quia et mollitia. Esse vel et aliquid voluptas sit magnam. Architecto consectetur natus id delectus quia fuga.','South Matt','2024-07-20 14:18:43',134,17,'https://images.pexels.com/photos/758744/pexels-photo-758744.jpeg?auto=compress&cs=tinysrgb&w=1260&h=750&dpr=1',42,'2024-05-28 14:18:43','2024-05-28 14:18:43'),(43,'Repellendus perferendis illum officia repellendus ea.','Earum accusantium recusandae laboriosam necessitatibus. Explicabo velit nesciunt culpa ducimus aperiam aut vel. Quos deserunt voluptas deserunt consequuntur. Aut consequatur beatae voluptates quia fugiat ratione excepturi quia.','Port Vida','2024-10-21 14:18:43',144,11,'https://images.pexels.com/photos/705075/pexels-photo-705075.jpeg?auto=compress&cs=tinysrgb&w=1260&h=750&dpr=1',43,'2024-05-28 14:18:43','2024-05-28 14:18:43'),(44,'Aperiam et fuga voluptatum accusantium quo.','Repudiandae laudantium ut sint aut ratione enim. Minus iusto eum ab et cupiditate eius et.','West Gardner','2025-01-09 14:18:43',229,20,'https://images.pexels.com/photos/758744/pexels-photo-758744.jpeg?auto=compress&cs=tinysrgb&w=1260&h=750&dpr=1',44,'2024-05-28 14:18:43','2024-05-28 14:18:43'),(45,'Est molestiae et libero odit recusandae corporis porro.','Quos asperiores maiores voluptates voluptas consequatur dicta aut. Pariatur enim aut fugiat fugit porro quo quod.','Kariville','2024-09-01 14:18:43',76,11,'https://images.pexels.com/photos/758744/pexels-photo-758744.jpeg?auto=compress&cs=tinysrgb&w=1260&h=750&dpr=1',45,'2024-05-28 14:18:43','2024-05-28 14:18:43'),(46,'Asperiores expedita alias necessitatibus.','Magnam quo et consequatur pariatur ipsum harum a. Natus nostrum voluptatem omnis voluptas totam sit aut. Laudantium laborum est sed facere laborum.','South Darienside','2024-11-05 14:18:43',65,19,'https://images.pexels.com/photos/758744/pexels-photo-758744.jpeg?auto=compress&cs=tinysrgb&w=1260&h=750&dpr=1',46,'2024-05-28 14:18:43','2024-05-28 14:18:43'),(47,'Tenetur occaecati est enim iusto earum saepe.','Expedita at sint sunt et dolores. Molestias maiores vel vero praesentium id et est. Inventore ut ducimus iure dolores. Deleniti porro necessitatibus ea.','Maraport','2024-08-01 14:18:43',182,12,'https://images.pexels.com/photos/1659437/pexels-photo-1659437.jpeg',47,'2024-05-28 14:18:43','2024-05-28 14:18:43'),(48,'Mollitia ex et doloremque assumenda voluptatem dolorum.','Ea non qui odit distinctio quos laudantium voluptas. Saepe voluptates cum voluptatem et. Eos molestiae veniam sed.','South Lexiemouth','2024-09-03 14:18:43',120,19,'https://images.pexels.com/photos/1365425/pexels-photo-1365425.jpeg?auto=compress&cs=tinysrgb&w=1260&h=750&dpr=1',48,'2024-05-28 14:18:43','2024-05-28 14:18:43'),(49,'Repellat quisquam facilis nobis omnis quidem.','Aut est in quaerat sunt explicabo consequatur nulla. Voluptas voluptatem placeat quas sunt. Repudiandae quis deserunt id consequatur laborum nisi totam recusandae. Veritatis est perspiciatis voluptates exercitationem occaecati autem.','North Tommieborough','2025-03-24 14:18:43',33,16,'https://images.pexels.com/photos/1659437/pexels-photo-1659437.jpeg',49,'2024-05-28 14:18:43','2024-05-28 14:18:43'),(50,'Corporis sint quos blanditiis voluptate esse.','Dignissimos adipisci quam nam consequatur voluptas architecto pariatur dicta. Numquam blanditiis esse est beatae. Excepturi quae debitis maiores ratione. Consequatur omnis molestias maiores esse neque autem incidunt quae.','Katrinabury','2024-06-14 14:18:43',231,7,'https://images.pexels.com/photos/1659437/pexels-photo-1659437.jpeg',50,'2024-05-28 14:18:43','2024-05-28 14:18:43'),(51,'Similique quis et dicta qui iste quia voluptatibus.','Et rem ut dolor fugiat officia itaque eos. Quia maxime maxime labore et aut. Maxime fugiat repellat quod.','West Yessenia','2024-07-08 14:18:43',31,11,'https://images.pexels.com/photos/705075/pexels-photo-705075.jpeg?auto=compress&cs=tinysrgb&w=1260&h=750&dpr=1',51,'2024-05-28 14:18:43','2024-05-28 14:18:43'),(52,'Omnis sunt in dolorum tempore adipisci.','Doloribus corporis quo illum iste nemo aut. Sint tempore quaerat enim soluta temporibus voluptatem quae. Iure eos autem nisi cum. Tempora voluptatem iusto pariatur explicabo.','Port Ian','2025-01-08 14:18:43',187,20,'https://images.pexels.com/photos/1659437/pexels-photo-1659437.jpeg',52,'2024-05-28 14:18:43','2024-05-28 14:18:43'),(53,'Sed quam natus in ducimus.','Magnam eius repellat ut ex. Molestiae officia impedit accusamus voluptatibus. Dolorum amet sint eos voluptas.','Bettyside','2025-04-22 14:18:43',233,6,'https://images.pexels.com/photos/705075/pexels-photo-705075.jpeg?auto=compress&cs=tinysrgb&w=1260&h=750&dpr=1',53,'2024-05-28 14:18:43','2024-05-28 14:18:43'),(54,'A ut perferendis illo quidem dolores adipisci repellat.','Beatae mollitia tempora iure vel consequatur non. Sit sequi voluptatem laborum quo iusto omnis earum. Consequatur qui explicabo voluptates enim. Repellendus nulla porro doloribus veritatis dolorem et atque.','Kianport','2024-09-27 14:18:43',154,14,'https://images.pexels.com/photos/758744/pexels-photo-758744.jpeg?auto=compress&cs=tinysrgb&w=1260&h=750&dpr=1',54,'2024-05-28 14:18:43','2024-05-28 14:18:43'),(55,'Eius ab placeat iusto excepturi.','Eaque modi omnis sed deleniti dolore. Enim autem non non iure quibusdam.','East Arely','2024-12-13 14:18:43',117,13,'https://images.pexels.com/photos/758744/pexels-photo-758744.jpeg?auto=compress&cs=tinysrgb&w=1260&h=750&dpr=1',55,'2024-05-28 14:18:43','2024-05-28 14:18:43'),(56,'Et enim impedit adipisci aut iste aut.','Autem iusto aliquid nesciunt. Voluptatem itaque nulla cumque sequi. Aut numquam repellendus inventore molestias ipsam. Alias ratione ipsum quae voluptatem deserunt omnis consequuntur. Quas illo velit molestiae sit.','South Electafort','2024-09-14 14:18:43',190,15,'https://images.pexels.com/photos/705075/pexels-photo-705075.jpeg?auto=compress&cs=tinysrgb&w=1260&h=750&dpr=1',56,'2024-05-28 14:18:43','2024-05-28 14:18:43'),(57,'Ut quo molestias nemo et quis numquam omnis deleniti.','Doloribus iste harum quidem ducimus in consequatur. Et libero vero assumenda omnis corrupti. Aperiam id consequatur possimus repellat. Modi veniam provident doloribus et accusamus.','Josianneview','2024-09-16 14:18:43',55,11,'https://images.pexels.com/photos/705075/pexels-photo-705075.jpeg?auto=compress&cs=tinysrgb&w=1260&h=750&dpr=1',57,'2024-05-28 14:18:43','2024-05-28 14:18:43'),(58,'Culpa cum voluptas corrupti dignissimos et at.','Rerum commodi unde nihil. Iste consequatur voluptatibus totam nisi nam. Exercitationem soluta debitis dolor.','Danemouth','2024-06-25 14:18:43',136,13,'https://images.pexels.com/photos/2398220/pexels-photo-2398220.jpeg?auto=compress&cs=tinysrgb&w=1260&h=750&dpr=1',58,'2024-05-28 14:18:43','2024-05-28 14:18:43'),(59,'Ut tenetur ad officia quo distinctio dignissimos mollitia.','Cumque cupiditate rerum repellendus quidem ducimus. Eius occaecati libero reprehenderit ut consequatur. Quia reiciendis aperiam sequi quos. Dolores maiores doloremque rem reprehenderit consectetur ea dolores laboriosam.','Bodeberg','2024-06-19 14:18:43',220,11,'https://images.pexels.com/photos/1659437/pexels-photo-1659437.jpeg',59,'2024-05-28 14:18:43','2024-05-28 14:18:43'),(60,'Neque quas itaque occaecati recusandae.','Cum fuga laboriosam molestiae rerum sint. Quidem blanditiis et explicabo atque. Soluta dolore error distinctio necessitatibus perferendis.','Port Beau','2025-04-02 14:18:43',184,6,'https://images.pexels.com/photos/705075/pexels-photo-705075.jpeg?auto=compress&cs=tinysrgb&w=1260&h=750&dpr=1',60,'2024-05-28 14:18:43','2024-05-28 14:18:43'),(61,'Consectetur dignissimos voluptatem beatae quam veritatis nihil doloribus.','Vitae debitis modi debitis minima voluptatibus. Recusandae iusto quos aut magni rem necessitatibus rerum. Culpa esse et dolores tempore aut voluptatem.','Port Agnesport','2024-09-04 14:18:43',31,6,'https://images.pexels.com/photos/2398220/pexels-photo-2398220.jpeg?auto=compress&cs=tinysrgb&w=1260&h=750&dpr=1',61,'2024-05-28 14:18:43','2024-05-28 14:18:43'),(62,'Inventore assumenda quo ratione accusamus beatae asperiores corrupti.','Itaque possimus dicta ipsum iste eos. Explicabo atque quaerat distinctio nihil. Placeat dolorum at et quia. Molestiae et vero eum ut ullam dolorum.','Lake Asha','2025-01-12 14:18:43',72,14,'https://images.pexels.com/photos/705075/pexels-photo-705075.jpeg?auto=compress&cs=tinysrgb&w=1260&h=750&dpr=1',62,'2024-05-28 14:18:43','2024-05-28 14:18:43'),(63,'Nobis similique ut id maxime.','Labore reiciendis dignissimos fuga ut. A vitae et laudantium rerum. Velit suscipit odit eveniet fuga est non excepturi. Cupiditate voluptatem sit officiis porro.','Lake Concepcion','2024-12-16 14:18:43',98,8,'https://images.pexels.com/photos/2398220/pexels-photo-2398220.jpeg?auto=compress&cs=tinysrgb&w=1260&h=750&dpr=1',63,'2024-05-28 14:18:43','2024-05-28 14:18:43'),(64,'Consequatur autem officiis enim sunt mollitia et consectetur odit.','Dolorum ea mollitia repellat. Consectetur ut illum voluptatem qui. Libero autem minima delectus qui modi. Porro veritatis ipsa architecto recusandae.','Priscillashire','2024-11-02 14:18:43',102,19,'https://images.pexels.com/photos/758744/pexels-photo-758744.jpeg?auto=compress&cs=tinysrgb&w=1260&h=750&dpr=1',64,'2024-05-28 14:18:43','2024-05-28 14:18:43'),(65,'Accusantium alias esse et recusandae nulla quam.','Blanditiis minima consequatur occaecati molestiae maxime quae veniam reiciendis. Facere omnis numquam veritatis modi qui qui molestias. Ullam ducimus expedita voluptas laboriosam dolorum. Facilis tempora eum quasi placeat ut totam.','West Amira','2024-09-29 14:18:43',103,18,'https://images.pexels.com/photos/758744/pexels-photo-758744.jpeg?auto=compress&cs=tinysrgb&w=1260&h=750&dpr=1',65,'2024-05-28 14:18:43','2024-05-28 14:18:43'),(66,'Voluptate dolore quod quos laboriosam necessitatibus.','Aut optio amet doloribus recusandae. Ipsam ea provident necessitatibus aperiam minus quia at. Quia omnis sequi et sit. Delectus incidunt repudiandae sint consequuntur distinctio mollitia et.','West Craigview','2025-01-01 14:18:43',157,17,'https://images.pexels.com/photos/1659437/pexels-photo-1659437.jpeg',66,'2024-05-28 14:18:43','2024-05-28 14:18:43'),(67,'Sit quia incidunt voluptatum vel minima accusantium.','Dolor porro nulla ex in. Voluptatem distinctio quia quia inventore. Blanditiis quos quos excepturi veritatis quis dignissimos commodi.','Casandrafort','2025-04-27 14:18:43',190,14,'https://images.pexels.com/photos/758744/pexels-photo-758744.jpeg?auto=compress&cs=tinysrgb&w=1260&h=750&dpr=1',67,'2024-05-28 14:18:43','2024-05-28 14:18:43'),(68,'Excepturi et numquam officiis eum rerum ea.','Sapiente deserunt nisi vero. Eveniet voluptatem adipisci eius. Nihil repellendus quia est est itaque facere quia. Velit quia repellat aut nisi voluptatem sequi.','Lake Pearlie','2025-04-24 14:18:43',131,10,'https://images.pexels.com/photos/1365425/pexels-photo-1365425.jpeg?auto=compress&cs=tinysrgb&w=1260&h=750&dpr=1',68,'2024-05-28 14:18:43','2024-05-28 14:18:43'),(69,'Ipsam explicabo quas voluptatibus ab porro voluptatem non tenetur.','Ut eos maiores et culpa maiores. Ea quae est velit. Sapiente dicta cupiditate maxime ipsum ducimus minima magni voluptatum.','Schaefertown','2025-05-23 14:18:43',45,20,'https://images.pexels.com/photos/1365425/pexels-photo-1365425.jpeg?auto=compress&cs=tinysrgb&w=1260&h=750&dpr=1',69,'2024-05-28 14:18:43','2024-05-28 14:18:43'),(70,'Molestiae esse modi quia ducimus.','Voluptas deserunt voluptatem nostrum ipsum. Repellendus occaecati tempora doloribus sequi excepturi. Nostrum placeat qui ut in accusamus quo dolorum dolorum. Magnam quam voluptatem dolore reprehenderit.','Hyattshire','2024-05-31 14:18:43',121,16,'https://images.pexels.com/photos/1659437/pexels-photo-1659437.jpeg',70,'2024-05-28 14:18:43','2024-05-28 14:18:43'),(71,'Dolor sunt id laboriosam nam.','Velit consequatur iusto iste aut voluptate sapiente ex. Voluptatum earum iure expedita omnis officiis. Enim omnis odit adipisci ducimus a. Sed est dolores voluptatem.','Mannside','2024-10-15 14:18:43',236,17,'https://images.pexels.com/photos/758744/pexels-photo-758744.jpeg?auto=compress&cs=tinysrgb&w=1260&h=750&dpr=1',71,'2024-05-28 14:18:43','2024-05-28 14:18:43'),(72,'Qui quia alias fuga aut quia qui.','Voluptatum quia aut ducimus id iure non. Tempora et animi cumque. Harum et porro qui optio. Nam veniam voluptas placeat molestiae quia iure.','Bernierhaven','2025-03-08 14:18:43',124,20,'https://images.pexels.com/photos/705075/pexels-photo-705075.jpeg?auto=compress&cs=tinysrgb&w=1260&h=750&dpr=1',72,'2024-05-28 14:18:43','2024-05-28 14:18:43'),(73,'Dolorem et sequi quis dolorem quo optio.','Numquam molestiae eum praesentium aut architecto. Consectetur ut odio sed. Vitae ea voluptatem nemo aut. Illum qui voluptatibus tenetur ut nihil aut.','Lake Ezequiel','2025-02-19 14:18:43',65,18,'https://images.pexels.com/photos/1365425/pexels-photo-1365425.jpeg?auto=compress&cs=tinysrgb&w=1260&h=750&dpr=1',73,'2024-05-28 14:18:43','2024-05-28 14:18:43'),(74,'Debitis quia eum quia facere.','Eveniet dolores facere eligendi vel et sequi. Maxime possimus tenetur provident dicta cupiditate sit vitae explicabo. Pariatur similique hic dolor repellendus. Dolorum ea amet suscipit nostrum sunt aut.','Renetown','2024-12-24 14:18:43',126,5,'https://images.pexels.com/photos/705075/pexels-photo-705075.jpeg?auto=compress&cs=tinysrgb&w=1260&h=750&dpr=1',74,'2024-05-28 14:18:43','2024-05-28 14:18:43'),(75,'Molestias repellat unde explicabo eum aut velit ducimus.','Esse vero omnis aut rerum qui et. Aliquam dolorum et reiciendis dignissimos. At qui eligendi excepturi perspiciatis.','North Camrynbury','2025-04-11 14:18:43',163,12,'https://images.pexels.com/photos/758744/pexels-photo-758744.jpeg?auto=compress&cs=tinysrgb&w=1260&h=750&dpr=1',75,'2024-05-28 14:18:43','2024-05-28 14:18:43'),(76,'Sit earum sunt inventore libero ea.','Quis culpa et non et doloremque aperiam. Aliquid est voluptas excepturi itaque minima nesciunt occaecati. Nesciunt voluptas amet minus laboriosam. Et natus a qui quibusdam cupiditate voluptates.','North Eda','2024-08-14 14:18:43',76,12,'https://images.pexels.com/photos/758744/pexels-photo-758744.jpeg?auto=compress&cs=tinysrgb&w=1260&h=750&dpr=1',76,'2024-05-28 14:18:43','2024-05-28 14:18:43'),(77,'Maiores fugiat pariatur optio nihil ipsum natus enim.','Illo repudiandae nam soluta tenetur. Voluptatem ipsam at totam expedita ut voluptatem. Consequatur et iusto iusto et nemo quibusdam iure. Qui mollitia maxime quia consequatur atque.','West Lelaberg','2025-04-03 14:18:43',67,14,'https://images.pexels.com/photos/758744/pexels-photo-758744.jpeg?auto=compress&cs=tinysrgb&w=1260&h=750&dpr=1',77,'2024-05-28 14:18:43','2024-05-28 14:18:43'),(78,'Quia numquam consequatur earum amet consequatur.','Quisquam accusamus velit incidunt perspiciatis asperiores consequatur autem. Et iste ex cupiditate qui impedit aut. Est enim fugiat ex tempora. Sit dolorum in dolorum non maiores modi fugiat.','Homenickstad','2024-07-04 14:18:43',83,10,'https://images.pexels.com/photos/1659437/pexels-photo-1659437.jpeg',78,'2024-05-28 14:18:43','2024-05-28 14:18:43'),(79,'Ad unde fugit quas rem dolore modi.','Officiis enim facilis minima odio voluptatem autem. Ducimus eum quo sed doloribus ipsam iste nam. Beatae nulla provident debitis reprehenderit ut. Natus repellat nihil est enim enim.','Lilliefurt','2025-04-02 14:18:43',201,9,'https://images.pexels.com/photos/758744/pexels-photo-758744.jpeg?auto=compress&cs=tinysrgb&w=1260&h=750&dpr=1',79,'2024-05-28 14:18:43','2024-05-28 14:18:43'),(80,'Vel qui mollitia voluptatibus nostrum nesciunt.','Nesciunt incidunt omnis reprehenderit voluptatem impedit. Adipisci qui ut exercitationem aut optio aliquam praesentium. Rem ut quidem quis aspernatur labore id qui. Aut et quasi reiciendis vel perspiciatis deserunt. Explicabo placeat eos accusantium totam nesciunt.','Lafayettebury','2025-03-22 14:18:43',52,11,'https://images.pexels.com/photos/705075/pexels-photo-705075.jpeg?auto=compress&cs=tinysrgb&w=1260&h=750&dpr=1',80,'2024-05-28 14:18:43','2024-05-28 14:18:43'),(81,'Magnam facere et corporis dolorum magnam ab facilis.','Sequi doloremque quia quae impedit alias. Minima quos quo repellat nam qui. Aliquam dolores impedit et et ad eum. Nulla eligendi iusto occaecati quo saepe consequatur cupiditate.','Lake Gabriellaside','2025-02-10 14:18:43',158,14,'https://images.pexels.com/photos/758744/pexels-photo-758744.jpeg?auto=compress&cs=tinysrgb&w=1260&h=750&dpr=1',81,'2024-05-28 14:18:43','2024-05-28 14:18:43'),(82,'Cupiditate quas at itaque autem officia ad ut.','Dolorem blanditiis nobis corrupti iste. Pariatur enim possimus et at ut corrupti fugit qui. Laborum non odit vitae error. Perspiciatis expedita facere possimus in eligendi maiores.','Lake Brentmouth','2025-03-29 14:18:43',60,11,'https://images.pexels.com/photos/758744/pexels-photo-758744.jpeg?auto=compress&cs=tinysrgb&w=1260&h=750&dpr=1',82,'2024-05-28 14:18:43','2024-05-28 14:18:43'),(83,'Aut quae praesentium labore iusto corrupti.','Rem quis sit est est quo ex quidem. Tenetur qui consequatur sunt suscipit minus quisquam. Sunt laudantium aliquid quod minima. Vel eos aliquam laboriosam temporibus iusto consequatur.','Spencerberg','2024-11-30 14:18:43',222,11,'https://images.pexels.com/photos/758744/pexels-photo-758744.jpeg?auto=compress&cs=tinysrgb&w=1260&h=750&dpr=1',83,'2024-05-28 14:18:43','2024-05-28 14:18:43'),(84,'Mollitia magnam ab eos cupiditate expedita.','Optio sed eum sit ut et et. Commodi delectus ab aut ex. Animi voluptatibus eos et repellat maiores modi.','New Darius','2024-09-16 14:18:43',149,16,'https://images.pexels.com/photos/1365425/pexels-photo-1365425.jpeg?auto=compress&cs=tinysrgb&w=1260&h=750&dpr=1',84,'2024-05-28 14:18:43','2024-05-28 14:18:43'),(85,'Laborum vero explicabo esse nam.','Vel vel qui ex debitis deserunt. Impedit qui facere labore assumenda. Et illo quas et omnis laudantium ut. Aspernatur repellendus et voluptatum illum consectetur.','Bennieberg','2024-12-05 14:18:43',153,7,'https://images.pexels.com/photos/2398220/pexels-photo-2398220.jpeg?auto=compress&cs=tinysrgb&w=1260&h=750&dpr=1',85,'2024-05-28 14:18:43','2024-05-28 14:18:43'),(86,'Voluptatem deleniti aut minus voluptatum recusandae.','Maxime neque omnis id nostrum. Placeat inventore officia harum ullam ratione. Culpa vel magni autem. Reiciendis nam sint optio repellendus.','Collinshaven','2025-05-13 14:18:43',86,18,'https://images.pexels.com/photos/1365425/pexels-photo-1365425.jpeg?auto=compress&cs=tinysrgb&w=1260&h=750&dpr=1',86,'2024-05-28 14:18:43','2024-05-28 14:18:43'),(87,'Eius modi in sit numquam.','Sunt aut provident ut eum ipsa. Quam qui et ducimus quasi nobis assumenda perspiciatis. Dolorem velit nobis ut. Consequatur laudantium eos minus recusandae est nobis consectetur.','Lake Jeff','2024-10-02 14:18:43',123,8,'https://images.pexels.com/photos/1659437/pexels-photo-1659437.jpeg',87,'2024-05-28 14:18:43','2024-05-28 14:18:43'),(88,'Et repudiandae facilis et sunt.','Iure quas ea sint nihil blanditiis. Et voluptate aliquam dicta praesentium in in qui. Rerum sed id sint eum iusto.','Port Lexusside','2025-04-13 14:18:43',107,16,'https://images.pexels.com/photos/705075/pexels-photo-705075.jpeg?auto=compress&cs=tinysrgb&w=1260&h=750&dpr=1',88,'2024-05-28 14:18:43','2024-05-28 14:18:43'),(89,'Quis voluptatem laborum possimus autem.','Velit qui placeat ipsa quasi id. Ea voluptatibus et corporis temporibus totam. Consequatur enim at et eos voluptatem ipsam aperiam qui. Quibusdam eveniet sit laudantium fuga qui.','South Enola','2025-04-19 14:18:43',237,13,'https://images.pexels.com/photos/1659437/pexels-photo-1659437.jpeg',89,'2024-05-28 14:18:43','2024-05-28 14:18:43'),(90,'Dolore dignissimos doloribus aut at ad sed.','Ut quo qui nihil ea iusto veniam enim. Laboriosam similique recusandae illo in pariatur. Qui dignissimos modi voluptates qui. Praesentium ad nihil illo sed harum qui quia.','Adrienneland','2025-01-18 14:18:43',198,14,'https://images.pexels.com/photos/2398220/pexels-photo-2398220.jpeg?auto=compress&cs=tinysrgb&w=1260&h=750&dpr=1',90,'2024-05-28 14:18:43','2024-05-28 14:18:43'),(91,'Aperiam atque ab qui praesentium itaque.','Suscipit id facere a ipsam repellat. Neque ea ea repellat. Qui sit qui et natus adipisci.','Lake Unique','2025-05-13 14:18:43',191,13,'https://images.pexels.com/photos/2398220/pexels-photo-2398220.jpeg?auto=compress&cs=tinysrgb&w=1260&h=750&dpr=1',91,'2024-05-28 14:18:43','2024-05-28 14:18:43'),(92,'Eum sit ut repellat dolore cum voluptatem.','Quidem aut nobis velit similique. Ipsam dolores nam fugiat. Et magnam rem libero id. Est praesentium praesentium ut quod necessitatibus et.','West Kailyn','2024-08-15 14:18:43',142,20,'https://images.pexels.com/photos/758744/pexels-photo-758744.jpeg?auto=compress&cs=tinysrgb&w=1260&h=750&dpr=1',92,'2024-05-28 14:18:43','2024-05-28 14:18:43'),(93,'Eligendi repellat est ex facere in.','Voluptates dolor quae aut maxime et temporibus in. Magni rerum consectetur voluptate alias. Aliquam deleniti optio facilis illo. Et dolorem ipsa quia explicabo voluptatem optio.','Estafort','2024-11-29 14:18:43',71,12,'https://images.pexels.com/photos/2398220/pexels-photo-2398220.jpeg?auto=compress&cs=tinysrgb&w=1260&h=750&dpr=1',93,'2024-05-28 14:18:43','2024-05-28 14:18:43'),(94,'Ducimus ipsam quos tenetur aut nam veniam corporis.','Ut pariatur et veritatis et corrupti. Et ullam sint architecto et fugiat aut. Et deleniti tenetur totam. Harum accusamus est explicabo.','Lemkefurt','2024-11-28 14:18:43',153,9,'https://images.pexels.com/photos/705075/pexels-photo-705075.jpeg?auto=compress&cs=tinysrgb&w=1260&h=750&dpr=1',94,'2024-05-28 14:18:43','2024-05-28 14:18:43'),(95,'Doloribus consectetur sunt accusamus molestiae facere.','Quis est commodi voluptate sint esse ut sed. Sunt consequatur sequi nisi sed ut ut qui. Ratione ut aliquam quaerat ipsa magnam quia ullam recusandae. Ratione delectus porro fugit architecto labore.','Howestad','2024-11-11 14:18:43',34,7,'https://images.pexels.com/photos/758744/pexels-photo-758744.jpeg?auto=compress&cs=tinysrgb&w=1260&h=750&dpr=1',95,'2024-05-28 14:18:43','2024-05-28 14:18:43'),(96,'Dignissimos et ducimus eveniet laboriosam.','Quia consectetur esse placeat voluptates ad officia. Dolorum impedit deleniti ab. Eius ex quod dignissimos consequuntur rerum aut corrupti.','Lockmanport','2025-04-08 14:18:43',40,16,'https://images.pexels.com/photos/758744/pexels-photo-758744.jpeg?auto=compress&cs=tinysrgb&w=1260&h=750&dpr=1',96,'2024-05-28 14:18:43','2024-05-28 14:18:43'),(97,'Ipsa omnis et suscipit suscipit.','Deleniti suscipit corporis quod. Cumque vel consequatur culpa qui sint ut nihil et.','East Jaquanchester','2025-02-18 14:18:43',118,17,'https://images.pexels.com/photos/705075/pexels-photo-705075.jpeg?auto=compress&cs=tinysrgb&w=1260&h=750&dpr=1',97,'2024-05-28 14:18:43','2024-05-28 14:18:43'),(98,'Non eos reprehenderit explicabo debitis veritatis accusamus odio.','Aliquam odit rerum eos nihil mollitia vel distinctio quo. Omnis occaecati distinctio libero delectus consectetur laboriosam non enim. Velit sit nihil quasi deleniti.','New Muriel','2024-07-19 14:18:43',177,19,'https://images.pexels.com/photos/1659437/pexels-photo-1659437.jpeg',98,'2024-05-28 14:18:43','2024-05-28 14:18:43'),(99,'Et corrupti quas id fugiat sunt.','Aut voluptatem eum odit ut quia quos sed. Asperiores rerum nisi nesciunt quae recusandae occaecati. Animi ut consequuntur qui ipsam sunt esse voluptatem.','South Craigstad','2025-02-26 14:18:43',115,16,'https://images.pexels.com/photos/758744/pexels-photo-758744.jpeg?auto=compress&cs=tinysrgb&w=1260&h=750&dpr=1',99,'2024-05-28 14:18:43','2024-05-28 14:18:43'),(100,'Ipsa et sit consectetur vero.','Ut delectus nam iusto ut quidem tempore. Delectus voluptas reprehenderit quia velit sapiente odit accusamus. Ut perferendis qui distinctio praesentium iste.','Maeganburgh','2024-09-20 14:18:43',237,19,'https://images.pexels.com/photos/2398220/pexels-photo-2398220.jpeg?auto=compress&cs=tinysrgb&w=1260&h=750&dpr=1',100,'2024-05-28 14:18:43','2024-05-28 14:18:43');
/*!40000 ALTER TABLE `adventures` ENABLE KEYS */;
UNLOCK TABLES;

--
-- Table structure for table `cache`
--

DROP TABLE IF EXISTS `cache`;
/*!40101 SET @saved_cs_client     = @@character_set_client */;
/*!40101 SET character_set_client = utf8 */;
CREATE TABLE `cache` (
  `key` varchar(255) NOT NULL,
  `value` mediumtext NOT NULL,
  `expiration` int(11) NOT NULL,
  PRIMARY KEY (`key`)
) ENGINE=InnoDB DEFAULT CHARSET=utf8mb4 COLLATE=utf8mb4_unicode_ci;
/*!40101 SET character_set_client = @saved_cs_client */;

--
-- Dumping data for table `cache`
--

LOCK TABLES `cache` WRITE;
/*!40000 ALTER TABLE `cache` DISABLE KEYS */;
/*!40000 ALTER TABLE `cache` ENABLE KEYS */;
UNLOCK TABLES;

--
-- Table structure for table `cache_locks`
--

DROP TABLE IF EXISTS `cache_locks`;
/*!40101 SET @saved_cs_client     = @@character_set_client */;
/*!40101 SET character_set_client = utf8 */;
CREATE TABLE `cache_locks` (
  `key` varchar(255) NOT NULL,
  `owner` varchar(255) NOT NULL,
  `expiration` int(11) NOT NULL,
  PRIMARY KEY (`key`)
) ENGINE=InnoDB DEFAULT CHARSET=utf8mb4 COLLATE=utf8mb4_unicode_ci;
/*!40101 SET character_set_client = @saved_cs_client */;

--
-- Dumping data for table `cache_locks`
--

LOCK TABLES `cache_locks` WRITE;
/*!40000 ALTER TABLE `cache_locks` DISABLE KEYS */;
/*!40000 ALTER TABLE `cache_locks` ENABLE KEYS */;
UNLOCK TABLES;

--
-- Table structure for table `conversation_user`
--

DROP TABLE IF EXISTS `conversation_user`;
/*!40101 SET @saved_cs_client     = @@character_set_client */;
/*!40101 SET character_set_client = utf8 */;
CREATE TABLE `conversation_user` (
  `conversation_id` bigint(20) unsigned NOT NULL,
  `user_id` bigint(20) unsigned NOT NULL,
  `joined_at` datetime DEFAULT NULL,
  `left_at` datetime DEFAULT NULL,
  `created_at` timestamp NULL DEFAULT NULL,
  `updated_at` timestamp NULL DEFAULT NULL,
  PRIMARY KEY (`conversation_id`,`user_id`),
  KEY `conversation_user_user_id_foreign` (`user_id`),
  CONSTRAINT `conversation_user_conversation_id_foreign` FOREIGN KEY (`conversation_id`) REFERENCES `conversations` (`id`) ON DELETE CASCADE,
  CONSTRAINT `conversation_user_user_id_foreign` FOREIGN KEY (`user_id`) REFERENCES `users` (`id`) ON DELETE CASCADE
) ENGINE=InnoDB DEFAULT CHARSET=utf8mb4 COLLATE=utf8mb4_unicode_ci;
/*!40101 SET character_set_client = @saved_cs_client */;

--
-- Dumping data for table `conversation_user`
--

LOCK TABLES `conversation_user` WRITE;
/*!40000 ALTER TABLE `conversation_user` DISABLE KEYS */;
INSERT INTO `conversation_user` VALUES (1,1,NULL,NULL,NULL,NULL),(1,5,NULL,NULL,NULL,NULL),(1,9,NULL,NULL,NULL,NULL),(1,15,NULL,NULL,NULL,NULL),(1,38,NULL,NULL,NULL,NULL),(1,39,NULL,NULL,NULL,NULL),(1,47,NULL,NULL,NULL,NULL),(1,50,NULL,NULL,NULL,NULL),(1,53,NULL,NULL,NULL,NULL),(1,56,NULL,NULL,NULL,NULL),(1,57,NULL,NULL,NULL,NULL),(1,64,NULL,NULL,NULL,NULL),(1,67,NULL,NULL,NULL,NULL),(1,77,NULL,NULL,NULL,NULL),(1,80,NULL,NULL,NULL,NULL),(1,91,NULL,NULL,NULL,NULL),(1,97,NULL,NULL,NULL,NULL),(1,99,NULL,NULL,NULL,NULL),(1,101,NULL,NULL,NULL,NULL),(2,2,NULL,NULL,NULL,NULL),(2,38,NULL,NULL,NULL,NULL),(2,52,NULL,NULL,NULL,NULL),(2,101,NULL,NULL,NULL,NULL),(3,3,NULL,NULL,NULL,NULL),(3,7,NULL,NULL,NULL,NULL),(3,24,NULL,NULL,NULL,NULL),(3,34,NULL,NULL,NULL,NULL),(3,40,NULL,NULL,NULL,NULL),(3,45,NULL,NULL,NULL,NULL),(3,52,NULL,NULL,NULL,NULL),(3,53,NULL,NULL,NULL,NULL),(3,59,NULL,NULL,NULL,NULL),(3,64,NULL,NULL,NULL,NULL),(3,73,NULL,NULL,NULL,NULL),(3,74,NULL,NULL,NULL,NULL),(3,77,NULL,NULL,NULL,NULL),(3,80,NULL,NULL,NULL,NULL),(3,84,NULL,NULL,NULL,NULL),(3,90,NULL,NULL,NULL,NULL),(3,93,NULL,NULL,NULL,NULL),(3,96,NULL,NULL,NULL,NULL),(4,4,NULL,NULL,NULL,NULL),(4,27,NULL,NULL,NULL,NULL),(4,28,NULL,NULL,NULL,NULL),(4,34,NULL,NULL,NULL,NULL),(4,55,NULL,NULL,NULL,NULL),(4,87,NULL,NULL,NULL,NULL),(4,91,NULL,NULL,NULL,NULL),(5,1,NULL,NULL,NULL,NULL),(5,5,NULL,NULL,NULL,NULL),(5,21,NULL,NULL,NULL,NULL),(5,25,NULL,NULL,NULL,NULL),(5,43,NULL,NULL,NULL,NULL),(5,52,NULL,NULL,NULL,NULL),(5,88,NULL,NULL,NULL,NULL),(5,89,NULL,NULL,NULL,NULL),(5,92,NULL,NULL,NULL,NULL),(6,6,NULL,NULL,NULL,NULL),(6,70,NULL,NULL,NULL,NULL),(6,85,NULL,NULL,NULL,NULL),(7,7,NULL,NULL,NULL,NULL),(7,57,NULL,NULL,NULL,NULL),(7,61,NULL,NULL,NULL,NULL),(7,65,NULL,NULL,NULL,NULL),(7,69,NULL,NULL,NULL,NULL),(7,84,NULL,NULL,NULL,NULL),(8,7,NULL,NULL,NULL,NULL),(8,8,NULL,NULL,NULL,NULL),(8,30,NULL,NULL,NULL,NULL),(8,44,NULL,NULL,NULL,NULL),(8,55,NULL,NULL,NULL,NULL),(8,84,NULL,NULL,NULL,NULL),(9,1,NULL,NULL,NULL,NULL),(9,3,NULL,NULL,NULL,NULL),(9,9,NULL,NULL,NULL,NULL),(9,55,NULL,NULL,NULL,NULL),(9,79,NULL,NULL,NULL,NULL),(9,87,NULL,NULL,NULL,NULL),(10,10,NULL,NULL,NULL,NULL),(10,13,NULL,NULL,NULL,NULL),(10,14,NULL,NULL,NULL,NULL),(10,24,NULL,NULL,NULL,NULL),(10,32,NULL,NULL,NULL,NULL),(10,35,NULL,NULL,NULL,NULL),(10,38,NULL,NULL,NULL,NULL),(10,67,NULL,NULL,NULL,NULL),(10,79,NULL,NULL,NULL,NULL),(10,86,NULL,NULL,NULL,NULL),(10,95,NULL,NULL,NULL,NULL),(10,98,NULL,NULL,NULL,NULL),(11,4,NULL,NULL,NULL,NULL),(11,11,NULL,NULL,NULL,NULL),(11,66,NULL,NULL,NULL,NULL),(12,2,NULL,NULL,NULL,NULL),(12,7,NULL,NULL,NULL,NULL),(12,11,NULL,NULL,NULL,NULL),(12,12,NULL,NULL,NULL,NULL),(12,42,NULL,NULL,NULL,NULL),(12,72,NULL,NULL,NULL,NULL),(12,74,NULL,NULL,NULL,NULL),(12,93,NULL,NULL,NULL,NULL),(12,94,NULL,NULL,NULL,NULL),(13,11,NULL,NULL,NULL,NULL),(13,13,NULL,NULL,NULL,NULL),(13,25,NULL,NULL,NULL,NULL),(13,40,NULL,NULL,NULL,NULL),(13,62,NULL,NULL,NULL,NULL),(13,92,NULL,NULL,NULL,NULL),(13,97,NULL,NULL,NULL,NULL),(14,2,NULL,NULL,NULL,NULL),(14,14,NULL,NULL,NULL,NULL),(14,20,NULL,NULL,NULL,NULL),(14,29,NULL,NULL,NULL,NULL),(14,37,NULL,NULL,NULL,NULL),(14,54,NULL,NULL,NULL,NULL),(14,55,NULL,NULL,NULL,NULL),(14,59,NULL,NULL,NULL,NULL),(14,76,NULL,NULL,NULL,NULL),(14,82,NULL,NULL,NULL,NULL),(14,86,NULL,NULL,NULL,NULL),(14,89,NULL,NULL,NULL,NULL),(14,99,NULL,NULL,NULL,NULL),(15,15,NULL,NULL,NULL,NULL),(15,73,NULL,NULL,NULL,NULL),(15,84,NULL,NULL,NULL,NULL),(15,91,NULL,NULL,NULL,NULL),(16,16,NULL,NULL,NULL,NULL),(16,21,NULL,NULL,NULL,NULL),(16,23,NULL,NULL,NULL,NULL),(16,29,NULL,NULL,NULL,NULL),(16,31,NULL,NULL,NULL,NULL),(16,37,NULL,NULL,NULL,NULL),(16,41,NULL,NULL,NULL,NULL),(16,42,NULL,NULL,NULL,NULL),(16,44,NULL,NULL,NULL,NULL),(16,47,NULL,NULL,NULL,NULL),(16,63,NULL,NULL,NULL,NULL),(16,66,NULL,NULL,NULL,NULL),(16,70,NULL,NULL,NULL,NULL),(16,74,NULL,NULL,NULL,NULL),(16,76,NULL,NULL,NULL,NULL),(16,94,NULL,NULL,NULL,NULL),(17,14,NULL,NULL,NULL,NULL),(17,17,NULL,NULL,NULL,NULL),(17,30,NULL,NULL,NULL,NULL),(17,47,NULL,NULL,NULL,NULL),(17,53,NULL,NULL,NULL,NULL),(17,57,NULL,NULL,NULL,NULL),(17,62,NULL,NULL,NULL,NULL),(17,66,NULL,NULL,NULL,NULL),(17,72,NULL,NULL,NULL,NULL),(17,73,NULL,NULL,NULL,NULL),(17,75,NULL,NULL,NULL,NULL),(17,93,NULL,NULL,NULL,NULL),(18,10,NULL,NULL,NULL,NULL),(18,18,NULL,NULL,NULL,NULL),(18,25,NULL,NULL,NULL,NULL),(18,49,NULL,NULL,NULL,NULL),(18,53,NULL,NULL,NULL,NULL),(18,58,NULL,NULL,NULL,NULL),(18,59,NULL,NULL,NULL,NULL),(18,61,NULL,NULL,NULL,NULL),(18,63,NULL,NULL,NULL,NULL),(18,65,NULL,NULL,NULL,NULL),(18,67,NULL,NULL,NULL,NULL),(18,70,NULL,NULL,NULL,NULL),(18,74,NULL,NULL,NULL,NULL),(18,79,NULL,NULL,NULL,NULL),(18,91,NULL,NULL,NULL,NULL),(18,100,NULL,NULL,NULL,NULL),(19,7,NULL,NULL,NULL,NULL),(19,17,NULL,NULL,NULL,NULL),(19,19,NULL,NULL,NULL,NULL),(19,64,NULL,NULL,NULL,NULL),(19,68,NULL,NULL,NULL,NULL),(19,69,NULL,NULL,NULL,NULL),(20,1,NULL,NULL,NULL,NULL),(20,2,NULL,NULL,NULL,NULL),(20,19,NULL,NULL,NULL,NULL),(20,20,NULL,NULL,NULL,NULL),(20,21,NULL,NULL,NULL,NULL),(20,27,NULL,NULL,NULL,NULL),(20,34,NULL,NULL,NULL,NULL),(20,37,NULL,NULL,NULL,NULL),(20,39,NULL,NULL,NULL,NULL),(20,43,NULL,NULL,NULL,NULL),(20,49,NULL,NULL,NULL,NULL),(20,68,NULL,NULL,NULL,NULL),(20,75,NULL,NULL,NULL,NULL),(20,89,NULL,NULL,NULL,NULL),(20,90,NULL,NULL,NULL,NULL),(20,91,NULL,NULL,NULL,NULL),(20,92,NULL,NULL,NULL,NULL),(21,15,NULL,NULL,NULL,NULL),(21,21,NULL,NULL,NULL,NULL),(21,32,NULL,NULL,NULL,NULL),(21,34,NULL,NULL,NULL,NULL),(21,45,NULL,NULL,NULL,NULL),(21,61,NULL,NULL,NULL,NULL),(22,22,NULL,NULL,NULL,NULL),(22,28,NULL,NULL,NULL,NULL),(22,53,NULL,NULL,NULL,NULL),(22,88,NULL,NULL,NULL,NULL),(23,23,NULL,NULL,NULL,NULL),(23,35,NULL,NULL,NULL,NULL),(23,42,NULL,NULL,NULL,NULL),(23,47,NULL,NULL,NULL,NULL),(23,61,NULL,NULL,NULL,NULL),(23,77,NULL,NULL,NULL,NULL),(24,22,NULL,NULL,NULL,NULL),(24,24,NULL,NULL,NULL,NULL),(24,34,NULL,NULL,NULL,NULL),(24,83,NULL,NULL,NULL,NULL),(25,3,NULL,NULL,NULL,NULL),(25,5,NULL,NULL,NULL,NULL),(25,9,NULL,NULL,NULL,NULL),(25,10,NULL,NULL,NULL,NULL),(25,22,NULL,NULL,NULL,NULL),(25,25,NULL,NULL,NULL,NULL),(25,30,NULL,NULL,NULL,NULL),(25,41,NULL,NULL,NULL,NULL),(25,45,NULL,NULL,NULL,NULL),(25,78,NULL,NULL,NULL,NULL),(25,81,NULL,NULL,NULL,NULL),(26,7,NULL,NULL,NULL,NULL),(26,12,NULL,NULL,NULL,NULL),(26,26,NULL,NULL,NULL,NULL),(26,40,NULL,NULL,NULL,NULL),(26,58,NULL,NULL,NULL,NULL),(26,85,NULL,NULL,NULL,NULL),(27,2,NULL,NULL,NULL,NULL),(27,7,NULL,NULL,NULL,NULL),(27,27,NULL,NULL,NULL,NULL),(27,33,NULL,NULL,NULL,NULL),(27,35,NULL,NULL,NULL,NULL),(27,67,NULL,NULL,NULL,NULL),(27,68,NULL,NULL,NULL,NULL),(27,72,NULL,NULL,NULL,NULL),(27,89,NULL,NULL,NULL,NULL),(27,92,NULL,NULL,NULL,NULL),(28,16,NULL,NULL,NULL,NULL),(28,28,NULL,NULL,NULL,NULL),(28,53,NULL,NULL,NULL,NULL),(28,63,NULL,NULL,NULL,NULL),(28,77,NULL,NULL,NULL,NULL),(28,92,NULL,NULL,NULL,NULL),(29,18,NULL,NULL,NULL,NULL),(29,19,NULL,NULL,NULL,NULL),(29,27,NULL,NULL,NULL,NULL),(29,28,NULL,NULL,NULL,NULL),(29,29,NULL,NULL,NULL,NULL),(29,47,NULL,NULL,NULL,NULL),(29,55,NULL,NULL,NULL,NULL),(29,66,NULL,NULL,NULL,NULL),(29,75,NULL,NULL,NULL,NULL),(29,78,NULL,NULL,NULL,NULL),(29,88,NULL,NULL,NULL,NULL),(30,30,NULL,NULL,NULL,NULL),(30,99,NULL,NULL,NULL,NULL),(31,1,NULL,NULL,NULL,NULL),(31,5,NULL,NULL,NULL,NULL),(31,13,NULL,NULL,NULL,NULL),(31,16,NULL,NULL,NULL,NULL),(31,18,NULL,NULL,NULL,NULL),(31,27,NULL,NULL,NULL,NULL),(31,28,NULL,NULL,NULL,NULL),(31,31,NULL,NULL,NULL,NULL),(31,34,NULL,NULL,NULL,NULL),(31,38,NULL,NULL,NULL,NULL),(31,71,NULL,NULL,NULL,NULL),(31,73,NULL,NULL,NULL,NULL),(31,83,NULL,NULL,NULL,NULL),(32,3,NULL,NULL,NULL,NULL),(32,10,NULL,NULL,NULL,NULL),(32,28,NULL,NULL,NULL,NULL),(32,32,NULL,NULL,NULL,NULL),(32,34,NULL,NULL,NULL,NULL),(32,35,NULL,NULL,NULL,NULL),(32,57,NULL,NULL,NULL,NULL),(32,59,NULL,NULL,NULL,NULL),(32,62,NULL,NULL,NULL,NULL),(32,77,NULL,NULL,NULL,NULL),(32,87,NULL,NULL,NULL,NULL),(32,98,NULL,NULL,NULL,NULL),(33,24,NULL,NULL,NULL,NULL),(33,33,NULL,NULL,NULL,NULL),(33,70,NULL,NULL,NULL,NULL),(33,85,NULL,NULL,NULL,NULL),(33,92,NULL,NULL,NULL,NULL),(33,100,NULL,NULL,NULL,NULL),(34,11,NULL,NULL,NULL,NULL),(34,17,NULL,NULL,NULL,NULL),(34,18,NULL,NULL,NULL,NULL),(34,23,NULL,NULL,NULL,NULL),(34,27,NULL,NULL,NULL,NULL),(34,28,NULL,NULL,NULL,NULL),(34,34,NULL,NULL,NULL,NULL),(34,40,NULL,NULL,NULL,NULL),(34,54,NULL,NULL,NULL,NULL),(34,55,NULL,NULL,NULL,NULL),(34,58,NULL,NULL,NULL,NULL),(34,67,NULL,NULL,NULL,NULL),(34,80,NULL,NULL,NULL,NULL),(34,81,NULL,NULL,NULL,NULL),(34,83,NULL,NULL,NULL,NULL),(34,85,NULL,NULL,NULL,NULL),(34,92,NULL,NULL,NULL,NULL),(35,16,NULL,NULL,NULL,NULL),(35,29,NULL,NULL,NULL,NULL),(35,35,NULL,NULL,NULL,NULL),(35,37,NULL,NULL,NULL,NULL),(35,40,NULL,NULL,NULL,NULL),(35,44,NULL,NULL,NULL,NULL),(35,63,NULL,NULL,NULL,NULL),(35,69,NULL,NULL,NULL,NULL),(35,75,NULL,NULL,NULL,NULL),(35,84,NULL,NULL,NULL,NULL),(35,89,NULL,NULL,NULL,NULL),(35,92,NULL,NULL,NULL,NULL),(35,95,NULL,NULL,NULL,NULL),(35,100,NULL,NULL,NULL,NULL),(36,22,NULL,NULL,NULL,NULL),(36,36,NULL,NULL,NULL,NULL),(36,60,NULL,NULL,NULL,NULL),(36,61,NULL,NULL,NULL,NULL),(36,63,NULL,NULL,NULL,NULL),(36,73,NULL,NULL,NULL,NULL),(36,77,NULL,NULL,NULL,NULL),(36,94,NULL,NULL,NULL,NULL),(37,37,NULL,NULL,NULL,NULL),(37,68,NULL,NULL,NULL,NULL),(38,3,NULL,NULL,NULL,NULL),(38,10,NULL,NULL,NULL,NULL),(38,17,NULL,NULL,NULL,NULL),(38,19,NULL,NULL,NULL,NULL),(38,20,NULL,NULL,NULL,NULL),(38,27,NULL,NULL,NULL,NULL),(38,32,NULL,NULL,NULL,NULL),(38,38,NULL,NULL,NULL,NULL),(38,39,NULL,NULL,NULL,NULL),(38,47,NULL,NULL,NULL,NULL),(38,49,NULL,NULL,NULL,NULL),(38,60,NULL,NULL,NULL,NULL),(39,36,NULL,NULL,NULL,NULL),(39,39,NULL,NULL,NULL,NULL),(39,55,NULL,NULL,NULL,NULL),(39,70,NULL,NULL,NULL,NULL),(39,93,NULL,NULL,NULL,NULL),(39,98,NULL,NULL,NULL,NULL),(40,5,NULL,NULL,NULL,NULL),(40,13,NULL,NULL,NULL,NULL),(40,36,NULL,NULL,NULL,NULL),(40,37,NULL,NULL,NULL,NULL),(40,40,NULL,NULL,NULL,NULL),(40,44,NULL,NULL,NULL,NULL),(40,50,NULL,NULL,NULL,NULL),(40,75,NULL,NULL,NULL,NULL),(40,77,NULL,NULL,NULL,NULL),(40,84,NULL,NULL,NULL,NULL),(41,38,NULL,NULL,NULL,NULL),(41,41,NULL,NULL,NULL,NULL),(42,42,NULL,NULL,NULL,NULL),(42,57,NULL,NULL,NULL,NULL),(43,43,NULL,NULL,NULL,NULL),(43,86,NULL,NULL,NULL,NULL),(44,22,NULL,NULL,NULL,NULL),(44,25,NULL,NULL,NULL,NULL),(44,27,NULL,NULL,NULL,NULL),(44,34,NULL,NULL,NULL,NULL),(44,44,NULL,NULL,NULL,NULL),(44,47,NULL,NULL,NULL,NULL),(44,53,NULL,NULL,NULL,NULL),(44,58,NULL,NULL,NULL,NULL),(44,60,NULL,NULL,NULL,NULL),(44,93,NULL,NULL,NULL,NULL),(45,1,NULL,NULL,NULL,NULL),(45,8,NULL,NULL,NULL,NULL),(45,20,NULL,NULL,NULL,NULL),(45,24,NULL,NULL,NULL,NULL),(45,45,NULL,NULL,NULL,NULL),(45,54,NULL,NULL,NULL,NULL),(45,69,NULL,NULL,NULL,NULL),(45,70,NULL,NULL,NULL,NULL),(45,82,NULL,NULL,NULL,NULL),(45,90,NULL,NULL,NULL,NULL),(46,4,NULL,NULL,NULL,NULL),(46,7,NULL,NULL,NULL,NULL),(46,12,NULL,NULL,NULL,NULL),(46,13,NULL,NULL,NULL,NULL),(46,40,NULL,NULL,NULL,NULL),(46,42,NULL,NULL,NULL,NULL),(46,45,NULL,NULL,NULL,NULL),(46,46,NULL,NULL,NULL,NULL),(46,50,NULL,NULL,NULL,NULL),(46,52,NULL,NULL,NULL,NULL),(46,56,NULL,NULL,NULL,NULL),(46,62,NULL,NULL,NULL,NULL),(46,76,NULL,NULL,NULL,NULL),(46,77,NULL,NULL,NULL,NULL),(46,87,NULL,NULL,NULL,NULL),(46,92,NULL,NULL,NULL,NULL),(46,98,NULL,NULL,NULL,NULL),(47,7,NULL,NULL,NULL,NULL),(47,18,NULL,NULL,NULL,NULL),(47,26,NULL,NULL,NULL,NULL),(47,40,NULL,NULL,NULL,NULL),(47,47,NULL,NULL,NULL,NULL),(47,49,NULL,NULL,NULL,NULL),(47,59,NULL,NULL,NULL,NULL),(47,60,NULL,NULL,NULL,NULL),(47,64,NULL,NULL,NULL,NULL),(47,73,NULL,NULL,NULL,NULL),(47,88,NULL,NULL,NULL,NULL),(48,43,NULL,NULL,NULL,NULL),(48,48,NULL,NULL,NULL,NULL),(48,75,NULL,NULL,NULL,NULL),(49,4,NULL,NULL,NULL,NULL),(49,46,NULL,NULL,NULL,NULL),(49,49,NULL,NULL,NULL,NULL),(49,57,NULL,NULL,NULL,NULL),(49,66,NULL,NULL,NULL,NULL),(49,75,NULL,NULL,NULL,NULL),(49,93,NULL,NULL,NULL,NULL),(50,4,NULL,NULL,NULL,NULL),(50,12,NULL,NULL,NULL,NULL),(50,29,NULL,NULL,NULL,NULL),(50,50,NULL,NULL,NULL,NULL),(50,56,NULL,NULL,NULL,NULL),(50,81,NULL,NULL,NULL,NULL),(51,11,NULL,NULL,NULL,NULL),(51,23,NULL,NULL,NULL,NULL),(51,30,NULL,NULL,NULL,NULL),(51,51,NULL,NULL,NULL,NULL),(51,77,NULL,NULL,NULL,NULL),(51,98,NULL,NULL,NULL,NULL),(52,8,NULL,NULL,NULL,NULL),(52,24,NULL,NULL,NULL,NULL),(52,45,NULL,NULL,NULL,NULL),(52,48,NULL,NULL,NULL,NULL),(52,52,NULL,NULL,NULL,NULL),(52,66,NULL,NULL,NULL,NULL),(52,79,NULL,NULL,NULL,NULL),(53,30,NULL,NULL,NULL,NULL),(53,35,NULL,NULL,NULL,NULL),(53,53,NULL,NULL,NULL,NULL),(53,70,NULL,NULL,NULL,NULL),(53,71,NULL,NULL,NULL,NULL),(53,95,NULL,NULL,NULL,NULL),(54,45,NULL,NULL,NULL,NULL),(54,53,NULL,NULL,NULL,NULL),(54,54,NULL,NULL,NULL,NULL),(54,87,NULL,NULL,NULL,NULL),(55,2,NULL,NULL,NULL,NULL),(55,3,NULL,NULL,NULL,NULL),(55,19,NULL,NULL,NULL,NULL),(55,41,NULL,NULL,NULL,NULL),(55,50,NULL,NULL,NULL,NULL),(55,55,NULL,NULL,NULL,NULL),(55,59,NULL,NULL,NULL,NULL),(55,69,NULL,NULL,NULL,NULL),(55,70,NULL,NULL,NULL,NULL),(55,96,NULL,NULL,NULL,NULL),(56,4,NULL,NULL,NULL,NULL),(56,25,NULL,NULL,NULL,NULL),(56,48,NULL,NULL,NULL,NULL),(56,56,NULL,NULL,NULL,NULL),(56,89,NULL,NULL,NULL,NULL),(57,12,NULL,NULL,NULL,NULL),(57,57,NULL,NULL,NULL,NULL),(57,65,NULL,NULL,NULL,NULL),(58,48,NULL,NULL,NULL,NULL),(58,58,NULL,NULL,NULL,NULL),(59,29,NULL,NULL,NULL,NULL),(59,38,NULL,NULL,NULL,NULL),(59,59,NULL,NULL,NULL,NULL),(60,21,NULL,NULL,NULL,NULL),(60,60,NULL,NULL,NULL,NULL),(61,18,NULL,NULL,NULL,NULL),(61,52,NULL,NULL,NULL,NULL),(61,57,NULL,NULL,NULL,NULL),(61,61,NULL,NULL,NULL,NULL),(62,14,NULL,NULL,NULL,NULL),(62,47,NULL,NULL,NULL,NULL),(62,62,NULL,NULL,NULL,NULL),(62,74,NULL,NULL,NULL,NULL),(62,94,NULL,NULL,NULL,NULL),(62,96,NULL,NULL,NULL,NULL),(63,1,NULL,NULL,NULL,NULL),(63,2,NULL,NULL,NULL,NULL),(63,10,NULL,NULL,NULL,NULL),(63,63,NULL,NULL,NULL,NULL),(63,66,NULL,NULL,NULL,NULL),(63,68,NULL,NULL,NULL,NULL),(63,70,NULL,NULL,NULL,NULL),(63,72,NULL,NULL,NULL,NULL),(63,76,NULL,NULL,NULL,NULL),(64,64,NULL,NULL,NULL,NULL),(64,92,NULL,NULL,NULL,NULL),(64,95,NULL,NULL,NULL,NULL),(65,19,NULL,NULL,NULL,NULL),(65,24,NULL,NULL,NULL,NULL),(65,33,NULL,NULL,NULL,NULL),(65,35,NULL,NULL,NULL,NULL),(65,39,NULL,NULL,NULL,NULL),(65,42,NULL,NULL,NULL,NULL),(65,49,NULL,NULL,NULL,NULL),(65,53,NULL,NULL,NULL,NULL),(65,56,NULL,NULL,NULL,NULL),(65,65,NULL,NULL,NULL,NULL),(65,66,NULL,NULL,NULL,NULL),(65,67,NULL,NULL,NULL,NULL),(65,69,NULL,NULL,NULL,NULL),(65,71,NULL,NULL,NULL,NULL),(65,90,NULL,NULL,NULL,NULL),(66,3,NULL,NULL,NULL,NULL),(66,8,NULL,NULL,NULL,NULL),(66,24,NULL,NULL,NULL,NULL),(66,42,NULL,NULL,NULL,NULL),(66,66,NULL,NULL,NULL,NULL),(66,68,NULL,NULL,NULL,NULL),(66,79,NULL,NULL,NULL,NULL),(66,81,NULL,NULL,NULL,NULL),(67,2,NULL,NULL,NULL,NULL),(67,14,NULL,NULL,NULL,NULL),(67,18,NULL,NULL,NULL,NULL),(67,28,NULL,NULL,NULL,NULL),(67,38,NULL,NULL,NULL,NULL),(67,61,NULL,NULL,NULL,NULL),(67,66,NULL,NULL,NULL,NULL),(67,67,NULL,NULL,NULL,NULL),(67,81,NULL,NULL,NULL,NULL),(67,86,NULL,NULL,NULL,NULL),(67,94,NULL,NULL,NULL,NULL),(68,2,NULL,NULL,NULL,NULL),(68,61,NULL,NULL,NULL,NULL),(68,68,NULL,NULL,NULL,NULL),(69,5,NULL,NULL,NULL,NULL),(69,33,NULL,NULL,NULL,NULL),(69,45,NULL,NULL,NULL,NULL),(69,66,NULL,NULL,NULL,NULL),(69,69,NULL,NULL,NULL,NULL),(69,83,NULL,NULL,NULL,NULL),(70,6,NULL,NULL,NULL,NULL),(70,7,NULL,NULL,NULL,NULL),(70,13,NULL,NULL,NULL,NULL),(70,23,NULL,NULL,NULL,NULL),(70,27,NULL,NULL,NULL,NULL),(70,31,NULL,NULL,NULL,NULL),(70,39,NULL,NULL,NULL,NULL),(70,48,NULL,NULL,NULL,NULL),(70,52,NULL,NULL,NULL,NULL),(70,59,NULL,NULL,NULL,NULL),(70,70,NULL,NULL,NULL,NULL),(70,73,NULL,NULL,NULL,NULL),(70,98,NULL,NULL,NULL,NULL),(71,71,NULL,NULL,NULL,NULL),(72,3,NULL,NULL,NULL,NULL),(72,18,NULL,NULL,NULL,NULL),(72,23,NULL,NULL,NULL,NULL),(72,28,NULL,NULL,NULL,NULL),(72,38,NULL,NULL,NULL,NULL),(72,47,NULL,NULL,NULL,NULL),(72,69,NULL,NULL,NULL,NULL),(72,71,NULL,NULL,NULL,NULL),(72,72,NULL,NULL,NULL,NULL),(72,84,NULL,NULL,NULL,NULL),(72,92,NULL,NULL,NULL,NULL),(73,8,NULL,NULL,NULL,NULL),(73,10,NULL,NULL,NULL,NULL),(73,12,NULL,NULL,NULL,NULL),(73,13,NULL,NULL,NULL,NULL),(73,17,NULL,NULL,NULL,NULL),(73,23,NULL,NULL,NULL,NULL),(73,27,NULL,NULL,NULL,NULL),(73,38,NULL,NULL,NULL,NULL),(73,40,NULL,NULL,NULL,NULL),(73,42,NULL,NULL,NULL,NULL),(73,45,NULL,NULL,NULL,NULL),(73,52,NULL,NULL,NULL,NULL),(73,64,NULL,NULL,NULL,NULL),(73,73,NULL,NULL,NULL,NULL),(73,77,NULL,NULL,NULL,NULL),(73,79,NULL,NULL,NULL,NULL),(73,85,NULL,NULL,NULL,NULL),(73,100,NULL,NULL,NULL,NULL),(74,43,NULL,NULL,NULL,NULL),(74,59,NULL,NULL,NULL,NULL),(74,74,NULL,NULL,NULL,NULL),(74,83,NULL,NULL,NULL,NULL),(74,84,NULL,NULL,NULL,NULL),(75,20,NULL,NULL,NULL,NULL),(75,31,NULL,NULL,NULL,NULL),(75,35,NULL,NULL,NULL,NULL),(75,46,NULL,NULL,NULL,NULL),(75,48,NULL,NULL,NULL,NULL),(75,68,NULL,NULL,NULL,NULL),(75,75,NULL,NULL,NULL,NULL),(75,89,NULL,NULL,NULL,NULL),(75,90,NULL,NULL,NULL,NULL),(75,95,NULL,NULL,NULL,NULL),(76,76,NULL,NULL,NULL,NULL),(77,5,NULL,NULL,NULL,NULL),(77,77,NULL,NULL,NULL,NULL),(78,3,NULL,NULL,NULL,NULL),(78,7,NULL,NULL,NULL,NULL),(78,78,NULL,NULL,NULL,NULL),(78,82,NULL,NULL,NULL,NULL),(79,9,NULL,NULL,NULL,NULL),(79,22,NULL,NULL,NULL,NULL),(79,28,NULL,NULL,NULL,NULL),(79,37,NULL,NULL,NULL,NULL),(79,60,NULL,NULL,NULL,NULL),(79,79,NULL,NULL,NULL,NULL),(79,90,NULL,NULL,NULL,NULL),(80,2,NULL,NULL,NULL,NULL),(80,4,NULL,NULL,NULL,NULL),(80,42,NULL,NULL,NULL,NULL),(80,48,NULL,NULL,NULL,NULL),(80,62,NULL,NULL,NULL,NULL),(80,74,NULL,NULL,NULL,NULL),(80,76,NULL,NULL,NULL,NULL),(80,80,NULL,NULL,NULL,NULL),(80,94,NULL,NULL,NULL,NULL),(81,8,NULL,NULL,NULL,NULL),(81,21,NULL,NULL,NULL,NULL),(81,41,NULL,NULL,NULL,NULL),(81,43,NULL,NULL,NULL,NULL),(81,51,NULL,NULL,NULL,NULL),(81,59,NULL,NULL,NULL,NULL),(81,65,NULL,NULL,NULL,NULL),(81,81,NULL,NULL,NULL,NULL),(82,19,NULL,NULL,NULL,NULL),(82,25,NULL,NULL,NULL,NULL),(82,40,NULL,NULL,NULL,NULL),(82,42,NULL,NULL,NULL,NULL),(82,63,NULL,NULL,NULL,NULL),(82,66,NULL,NULL,NULL,NULL),(82,82,NULL,NULL,NULL,NULL),(82,85,NULL,NULL,NULL,NULL),(82,92,NULL,NULL,NULL,NULL),(83,17,NULL,NULL,NULL,NULL),(83,83,NULL,NULL,NULL,NULL),(83,85,NULL,NULL,NULL,NULL),(83,93,NULL,NULL,NULL,NULL),(84,2,NULL,NULL,NULL,NULL),(84,6,NULL,NULL,NULL,NULL),(84,12,NULL,NULL,NULL,NULL),(84,15,NULL,NULL,NULL,NULL),(84,17,NULL,NULL,NULL,NULL),(84,21,NULL,NULL,NULL,NULL),(84,24,NULL,NULL,NULL,NULL),(84,37,NULL,NULL,NULL,NULL),(84,41,NULL,NULL,NULL,NULL),(84,47,NULL,NULL,NULL,NULL),(84,48,NULL,NULL,NULL,NULL),(84,56,NULL,NULL,NULL,NULL),(84,70,NULL,NULL,NULL,NULL),(84,76,NULL,NULL,NULL,NULL),(84,84,NULL,NULL,NULL,NULL),(84,95,NULL,NULL,NULL,NULL),(85,68,NULL,NULL,NULL,NULL),(85,69,NULL,NULL,NULL,NULL),(85,76,NULL,NULL,NULL,NULL),(85,85,NULL,NULL,NULL,NULL),(86,86,NULL,NULL,NULL,NULL),(87,74,NULL,NULL,NULL,NULL),(87,87,NULL,NULL,NULL,NULL),(88,7,NULL,NULL,NULL,NULL),(88,41,NULL,NULL,NULL,NULL),(88,88,NULL,NULL,NULL,NULL),(89,89,NULL,NULL,NULL,NULL),(90,2,NULL,NULL,NULL,NULL),(90,27,NULL,NULL,NULL,NULL),(90,37,NULL,NULL,NULL,NULL),(90,42,NULL,NULL,NULL,NULL),(90,43,NULL,NULL,NULL,NULL),(90,44,NULL,NULL,NULL,NULL),(90,45,NULL,NULL,NULL,NULL),(90,52,NULL,NULL,NULL,NULL),(90,54,NULL,NULL,NULL,NULL),(90,72,NULL,NULL,NULL,NULL),(90,89,NULL,NULL,NULL,NULL),(90,90,NULL,NULL,NULL,NULL),(90,93,NULL,NULL,NULL,NULL),(91,91,NULL,NULL,NULL,NULL),(92,3,NULL,NULL,NULL,NULL),(92,10,NULL,NULL,NULL,NULL),(92,11,NULL,NULL,NULL,NULL),(92,13,NULL,NULL,NULL,NULL),(92,15,NULL,NULL,NULL,NULL),(92,16,NULL,NULL,NULL,NULL),(92,20,NULL,NULL,NULL,NULL),(92,26,NULL,NULL,NULL,NULL),(92,34,NULL,NULL,NULL,NULL),(92,53,NULL,NULL,NULL,NULL),(92,59,NULL,NULL,NULL,NULL),(92,85,NULL,NULL,NULL,NULL),(92,89,NULL,NULL,NULL,NULL),(92,92,NULL,NULL,NULL,NULL),(92,93,NULL,NULL,NULL,NULL),(92,96,NULL,NULL,NULL,NULL),(93,22,NULL,NULL,NULL,NULL),(93,42,NULL,NULL,NULL,NULL),(93,44,NULL,NULL,NULL,NULL),(93,46,NULL,NULL,NULL,NULL),(93,51,NULL,NULL,NULL,NULL),(93,62,NULL,NULL,NULL,NULL),(93,68,NULL,NULL,NULL,NULL),(93,72,NULL,NULL,NULL,NULL),(93,80,NULL,NULL,NULL,NULL),(93,93,NULL,NULL,NULL,NULL),(93,98,NULL,NULL,NULL,NULL),(94,8,NULL,NULL,NULL,NULL),(94,22,NULL,NULL,NULL,NULL),(94,25,NULL,NULL,NULL,NULL),(94,74,NULL,NULL,NULL,NULL),(94,77,NULL,NULL,NULL,NULL),(94,82,NULL,NULL,NULL,NULL),(94,84,NULL,NULL,NULL,NULL),(94,94,NULL,NULL,NULL,NULL),(94,96,NULL,NULL,NULL,NULL),(95,31,NULL,NULL,NULL,NULL),(95,35,NULL,NULL,NULL,NULL),(95,61,NULL,NULL,NULL,NULL),(95,62,NULL,NULL,NULL,NULL),(95,72,NULL,NULL,NULL,NULL),(95,75,NULL,NULL,NULL,NULL),(95,95,NULL,NULL,NULL,NULL),(96,12,NULL,NULL,NULL,NULL),(96,18,NULL,NULL,NULL,NULL),(96,26,NULL,NULL,NULL,NULL),(96,33,NULL,NULL,NULL,NULL),(96,34,NULL,NULL,NULL,NULL),(96,35,NULL,NULL,NULL,NULL),(96,51,NULL,NULL,NULL,NULL),(96,60,NULL,NULL,NULL,NULL),(96,71,NULL,NULL,NULL,NULL),(96,76,NULL,NULL,NULL,NULL),(96,82,NULL,NULL,NULL,NULL),(96,83,NULL,NULL,NULL,NULL),(96,85,NULL,NULL,NULL,NULL),(96,90,NULL,NULL,NULL,NULL),(96,96,NULL,NULL,NULL,NULL),(96,98,NULL,NULL,NULL,NULL),(97,2,NULL,NULL,NULL,NULL),(97,7,NULL,NULL,NULL,NULL),(97,15,NULL,NULL,NULL,NULL),(97,17,NULL,NULL,NULL,NULL),(97,19,NULL,NULL,NULL,NULL),(97,41,NULL,NULL,NULL,NULL),(97,72,NULL,NULL,NULL,NULL),(97,73,NULL,NULL,NULL,NULL),(97,78,NULL,NULL,NULL,NULL),(97,81,NULL,NULL,NULL,NULL),(97,82,NULL,NULL,NULL,NULL),(97,89,NULL,NULL,NULL,NULL),(97,97,NULL,NULL,NULL,NULL),(97,98,NULL,NULL,NULL,NULL),(97,99,NULL,NULL,NULL,NULL),(98,1,NULL,NULL,NULL,NULL),(98,15,NULL,NULL,NULL,NULL),(98,38,NULL,NULL,NULL,NULL),(98,39,NULL,NULL,NULL,NULL),(98,42,NULL,NULL,NULL,NULL),(98,56,NULL,NULL,NULL,NULL),(98,79,NULL,NULL,NULL,NULL),(98,94,NULL,NULL,NULL,NULL),(98,98,NULL,NULL,NULL,NULL),(99,99,NULL,NULL,NULL,NULL),(100,14,NULL,NULL,NULL,NULL),(100,24,NULL,NULL,NULL,NULL),(100,49,NULL,NULL,NULL,NULL),(100,52,NULL,NULL,NULL,NULL),(100,69,NULL,NULL,NULL,NULL),(100,100,NULL,NULL,NULL,NULL);
/*!40000 ALTER TABLE `conversation_user` ENABLE KEYS */;
UNLOCK TABLES;

--
-- Table structure for table `conversations`
--

DROP TABLE IF EXISTS `conversations`;
/*!40101 SET @saved_cs_client     = @@character_set_client */;
/*!40101 SET character_set_client = utf8 */;
CREATE TABLE `conversations` (
  `id` bigint(20) unsigned NOT NULL AUTO_INCREMENT,
  `name` varchar(255) NOT NULL,
  `adventure_id` bigint(20) unsigned NOT NULL,
  `created_at` timestamp NULL DEFAULT NULL,
  `updated_at` timestamp NULL DEFAULT NULL,
  PRIMARY KEY (`id`),
  KEY `conversations_adventure_id_foreign` (`adventure_id`),
  CONSTRAINT `conversations_adventure_id_foreign` FOREIGN KEY (`adventure_id`) REFERENCES `adventures` (`id`) ON DELETE CASCADE
) ENGINE=InnoDB AUTO_INCREMENT=101 DEFAULT CHARSET=utf8mb4 COLLATE=utf8mb4_unicode_ci;
/*!40101 SET character_set_client = @saved_cs_client */;

--
-- Dumping data for table `conversations`
--

LOCK TABLES `conversations` WRITE;
/*!40000 ALTER TABLE `conversations` DISABLE KEYS */;
INSERT INTO `conversations` VALUES (1,'Nobis voluptas sit et mollitia iusto suscipit qui.',1,'2024-05-28 14:18:43','2024-05-28 14:18:43'),(2,'Quaerat consequuntur pariatur sed laborum rerum doloribus harum.',2,'2024-05-28 14:18:43','2024-05-28 14:18:43'),(3,'Qui quae numquam sed illum aut maxime maxime molestias.',3,'2024-05-28 14:18:43','2024-05-28 14:18:43'),(4,'Sit quia et rerum eos et quidem atque reprehenderit.',4,'2024-05-28 14:18:43','2024-05-28 14:18:43'),(5,'Nisi neque ut consequuntur molestiae.',5,'2024-05-28 14:18:43','2024-05-28 14:18:43'),(6,'Eligendi exercitationem reprehenderit sint sapiente.',6,'2024-05-28 14:18:43','2024-05-28 14:18:43'),(7,'Tempora aperiam voluptas sunt temporibus odit asperiores.',7,'2024-05-28 14:18:43','2024-05-28 14:18:43'),(8,'Aut incidunt necessitatibus accusamus nostrum optio et nemo.',8,'2024-05-28 14:18:43','2024-05-28 14:18:43'),(9,'Qui eius repellat modi sint tenetur quasi.',9,'2024-05-28 14:18:43','2024-05-28 14:18:43'),(10,'Fuga voluptas architecto dolor excepturi sed aspernatur voluptatum.',10,'2024-05-28 14:18:43','2024-05-28 14:18:43'),(11,'Possimus quasi sunt ullam voluptas fuga sequi sunt.',11,'2024-05-28 14:18:43','2024-05-28 14:18:43'),(12,'Ut repudiandae sed autem ut.',12,'2024-05-28 14:18:43','2024-05-28 14:18:43'),(13,'Dicta vitae molestias voluptas dignissimos.',13,'2024-05-28 14:18:43','2024-05-28 14:18:43'),(14,'Molestiae alias fugit corrupti dolor modi omnis.',14,'2024-05-28 14:18:43','2024-05-28 14:18:43'),(15,'Officiis qui dignissimos consequatur dolor non.',15,'2024-05-28 14:18:43','2024-05-28 14:18:43'),(16,'Porro rerum doloremque nobis et enim.',16,'2024-05-28 14:18:43','2024-05-28 14:18:43'),(17,'Nobis dicta omnis tempora et eos.',17,'2024-05-28 14:18:43','2024-05-28 14:18:43'),(18,'Et dolores ipsa odio tenetur.',18,'2024-05-28 14:18:43','2024-05-28 14:18:43'),(19,'Sed hic est eos inventore illo dignissimos.',19,'2024-05-28 14:18:43','2024-05-28 14:18:43'),(20,'Ad aperiam ut provident nihil.',20,'2024-05-28 14:18:43','2024-05-28 14:18:43'),(21,'Numquam quis inventore impedit.',21,'2024-05-28 14:18:43','2024-05-28 14:18:43'),(22,'Neque aut voluptas aut praesentium non molestiae.',22,'2024-05-28 14:18:43','2024-05-28 14:18:43'),(23,'Aut non nam et laboriosam quasi quasi.',23,'2024-05-28 14:18:43','2024-05-28 14:18:43'),(24,'Itaque laborum id voluptatum rem asperiores dolorum.',24,'2024-05-28 14:18:43','2024-05-28 14:18:43'),(25,'Omnis nam praesentium numquam ut adipisci.',25,'2024-05-28 14:18:43','2024-05-28 14:18:43'),(26,'Culpa non dolorem aliquid dolorem enim ipsam voluptas.',26,'2024-05-28 14:18:43','2024-05-28 14:18:43'),(27,'Minima dolorum debitis aut sit.',27,'2024-05-28 14:18:43','2024-05-28 14:18:43'),(28,'Quia similique fugit aut qui.',28,'2024-05-28 14:18:43','2024-05-28 14:18:43'),(29,'Veniam ducimus dolorem iusto soluta enim ad.',29,'2024-05-28 14:18:43','2024-05-28 14:18:43'),(30,'Recusandae nihil eius ea id.',30,'2024-05-28 14:18:43','2024-05-28 14:18:43'),(31,'Architecto minus dolorem voluptatem dolor consectetur.',31,'2024-05-28 14:18:43','2024-05-28 14:18:43'),(32,'Fuga tenetur perspiciatis et architecto occaecati voluptatum in et.',32,'2024-05-28 14:18:43','2024-05-28 14:18:43'),(33,'Eum est distinctio totam.',33,'2024-05-28 14:18:43','2024-05-28 14:18:43'),(34,'Quos vero autem et non explicabo.',34,'2024-05-28 14:18:43','2024-05-28 14:18:43'),(35,'Neque sunt distinctio blanditiis sunt sed sit corrupti a.',35,'2024-05-28 14:18:43','2024-05-28 14:18:43'),(36,'Corrupti occaecati ut corporis voluptas et.',36,'2024-05-28 14:18:43','2024-05-28 14:18:43'),(37,'Nobis est esse quae dolore consequatur provident iusto.',37,'2024-05-28 14:18:43','2024-05-28 14:18:43'),(38,'Temporibus nostrum ad officiis inventore cum.',38,'2024-05-28 14:18:43','2024-05-28 14:18:43'),(39,'Est omnis aliquam ex rerum sint.',39,'2024-05-28 14:18:43','2024-05-28 14:18:43'),(40,'At architecto numquam deserunt sunt quasi.',40,'2024-05-28 14:18:43','2024-05-28 14:18:43'),(41,'Molestiae rerum alias cum.',41,'2024-05-28 14:18:43','2024-05-28 14:18:43'),(42,'Impedit est velit architecto exercitationem.',42,'2024-05-28 14:18:43','2024-05-28 14:18:43'),(43,'Repellendus perferendis illum officia repellendus ea.',43,'2024-05-28 14:18:43','2024-05-28 14:18:43'),(44,'Aperiam et fuga voluptatum accusantium quo.',44,'2024-05-28 14:18:43','2024-05-28 14:18:43'),(45,'Est molestiae et libero odit recusandae corporis porro.',45,'2024-05-28 14:18:43','2024-05-28 14:18:43'),(46,'Asperiores expedita alias necessitatibus.',46,'2024-05-28 14:18:43','2024-05-28 14:18:43'),(47,'Tenetur occaecati est enim iusto earum saepe.',47,'2024-05-28 14:18:43','2024-05-28 14:18:43'),(48,'Mollitia ex et doloremque assumenda voluptatem dolorum.',48,'2024-05-28 14:18:43','2024-05-28 14:18:43'),(49,'Repellat quisquam facilis nobis omnis quidem.',49,'2024-05-28 14:18:43','2024-05-28 14:18:43'),(50,'Corporis sint quos blanditiis voluptate esse.',50,'2024-05-28 14:18:43','2024-05-28 14:18:43'),(51,'Similique quis et dicta qui iste quia voluptatibus.',51,'2024-05-28 14:18:43','2024-05-28 14:18:43'),(52,'Omnis sunt in dolorum tempore adipisci.',52,'2024-05-28 14:18:43','2024-05-28 14:18:43'),(53,'Sed quam natus in ducimus.',53,'2024-05-28 14:18:43','2024-05-28 14:18:43'),(54,'A ut perferendis illo quidem dolores adipisci repellat.',54,'2024-05-28 14:18:43','2024-05-28 14:18:43'),(55,'Eius ab placeat iusto excepturi.',55,'2024-05-28 14:18:43','2024-05-28 14:18:43'),(56,'Et enim impedit adipisci aut iste aut.',56,'2024-05-28 14:18:43','2024-05-28 14:18:43'),(57,'Ut quo molestias nemo et quis numquam omnis deleniti.',57,'2024-05-28 14:18:43','2024-05-28 14:18:43'),(58,'Culpa cum voluptas corrupti dignissimos et at.',58,'2024-05-28 14:18:43','2024-05-28 14:18:43'),(59,'Ut tenetur ad officia quo distinctio dignissimos mollitia.',59,'2024-05-28 14:18:43','2024-05-28 14:18:43'),(60,'Neque quas itaque occaecati recusandae.',60,'2024-05-28 14:18:43','2024-05-28 14:18:43'),(61,'Consectetur dignissimos voluptatem beatae quam veritatis nihil doloribus.',61,'2024-05-28 14:18:43','2024-05-28 14:18:43'),(62,'Inventore assumenda quo ratione accusamus beatae asperiores corrupti.',62,'2024-05-28 14:18:43','2024-05-28 14:18:43'),(63,'Nobis similique ut id maxime.',63,'2024-05-28 14:18:43','2024-05-28 14:18:43'),(64,'Consequatur autem officiis enim sunt mollitia et consectetur odit.',64,'2024-05-28 14:18:43','2024-05-28 14:18:43'),(65,'Accusantium alias esse et recusandae nulla quam.',65,'2024-05-28 14:18:43','2024-05-28 14:18:43'),(66,'Voluptate dolore quod quos laboriosam necessitatibus.',66,'2024-05-28 14:18:43','2024-05-28 14:18:43'),(67,'Sit quia incidunt voluptatum vel minima accusantium.',67,'2024-05-28 14:18:43','2024-05-28 14:18:43'),(68,'Excepturi et numquam officiis eum rerum ea.',68,'2024-05-28 14:18:43','2024-05-28 14:18:43'),(69,'Ipsam explicabo quas voluptatibus ab porro voluptatem non tenetur.',69,'2024-05-28 14:18:43','2024-05-28 14:18:43'),(70,'Molestiae esse modi quia ducimus.',70,'2024-05-28 14:18:43','2024-05-28 14:18:43'),(71,'Dolor sunt id laboriosam nam.',71,'2024-05-28 14:18:43','2024-05-28 14:18:43'),(72,'Qui quia alias fuga aut quia qui.',72,'2024-05-28 14:18:43','2024-05-28 14:18:43'),(73,'Dolorem et sequi quis dolorem quo optio.',73,'2024-05-28 14:18:43','2024-05-28 14:18:43'),(74,'Debitis quia eum quia facere.',74,'2024-05-28 14:18:43','2024-05-28 14:18:43'),(75,'Molestias repellat unde explicabo eum aut velit ducimus.',75,'2024-05-28 14:18:43','2024-05-28 14:18:43'),(76,'Sit earum sunt inventore libero ea.',76,'2024-05-28 14:18:43','2024-05-28 14:18:43'),(77,'Maiores fugiat pariatur optio nihil ipsum natus enim.',77,'2024-05-28 14:18:43','2024-05-28 14:18:43'),(78,'Quia numquam consequatur earum amet consequatur.',78,'2024-05-28 14:18:43','2024-05-28 14:18:43'),(79,'Ad unde fugit quas rem dolore modi.',79,'2024-05-28 14:18:43','2024-05-28 14:18:43'),(80,'Vel qui mollitia voluptatibus nostrum nesciunt.',80,'2024-05-28 14:18:43','2024-05-28 14:18:43'),(81,'Magnam facere et corporis dolorum magnam ab facilis.',81,'2024-05-28 14:18:43','2024-05-28 14:18:43'),(82,'Cupiditate quas at itaque autem officia ad ut.',82,'2024-05-28 14:18:43','2024-05-28 14:18:43'),(83,'Aut quae praesentium labore iusto corrupti.',83,'2024-05-28 14:18:43','2024-05-28 14:18:43'),(84,'Mollitia magnam ab eos cupiditate expedita.',84,'2024-05-28 14:18:43','2024-05-28 14:18:43'),(85,'Laborum vero explicabo esse nam.',85,'2024-05-28 14:18:43','2024-05-28 14:18:43'),(86,'Voluptatem deleniti aut minus voluptatum recusandae.',86,'2024-05-28 14:18:43','2024-05-28 14:18:43'),(87,'Eius modi in sit numquam.',87,'2024-05-28 14:18:43','2024-05-28 14:18:43'),(88,'Et repudiandae facilis et sunt.',88,'2024-05-28 14:18:43','2024-05-28 14:18:43'),(89,'Quis voluptatem laborum possimus autem.',89,'2024-05-28 14:18:43','2024-05-28 14:18:43'),(90,'Dolore dignissimos doloribus aut at ad sed.',90,'2024-05-28 14:18:43','2024-05-28 14:18:43'),(91,'Aperiam atque ab qui praesentium itaque.',91,'2024-05-28 14:18:43','2024-05-28 14:18:43'),(92,'Eum sit ut repellat dolore cum voluptatem.',92,'2024-05-28 14:18:43','2024-05-28 14:18:43'),(93,'Eligendi repellat est ex facere in.',93,'2024-05-28 14:18:43','2024-05-28 14:18:43'),(94,'Ducimus ipsam quos tenetur aut nam veniam corporis.',94,'2024-05-28 14:18:43','2024-05-28 14:18:43'),(95,'Doloribus consectetur sunt accusamus molestiae facere.',95,'2024-05-28 14:18:43','2024-05-28 14:18:43'),(96,'Dignissimos et ducimus eveniet laboriosam.',96,'2024-05-28 14:18:43','2024-05-28 14:18:43'),(97,'Ipsa omnis et suscipit suscipit.',97,'2024-05-28 14:18:43','2024-05-28 14:18:43'),(98,'Non eos reprehenderit explicabo debitis veritatis accusamus odio.',98,'2024-05-28 14:18:43','2024-05-28 14:18:43'),(99,'Et corrupti quas id fugiat sunt.',99,'2024-05-28 14:18:43','2024-05-28 14:18:43'),(100,'Ipsa et sit consectetur vero.',100,'2024-05-28 14:18:43','2024-05-28 14:18:43');
/*!40000 ALTER TABLE `conversations` ENABLE KEYS */;
UNLOCK TABLES;

--
-- Table structure for table `failed_jobs`
--

DROP TABLE IF EXISTS `failed_jobs`;
/*!40101 SET @saved_cs_client     = @@character_set_client */;
/*!40101 SET character_set_client = utf8 */;
CREATE TABLE `failed_jobs` (
  `id` bigint(20) unsigned NOT NULL AUTO_INCREMENT,
  `uuid` varchar(255) NOT NULL,
  `connection` text NOT NULL,
  `queue` text NOT NULL,
  `payload` longtext NOT NULL,
  `exception` longtext NOT NULL,
  `failed_at` timestamp NOT NULL DEFAULT current_timestamp(),
  PRIMARY KEY (`id`),
  UNIQUE KEY `failed_jobs_uuid_unique` (`uuid`)
) ENGINE=InnoDB DEFAULT CHARSET=utf8mb4 COLLATE=utf8mb4_unicode_ci;
/*!40101 SET character_set_client = @saved_cs_client */;

--
-- Dumping data for table `failed_jobs`
--

LOCK TABLES `failed_jobs` WRITE;
/*!40000 ALTER TABLE `failed_jobs` DISABLE KEYS */;
/*!40000 ALTER TABLE `failed_jobs` ENABLE KEYS */;
UNLOCK TABLES;

--
-- Table structure for table `interests`
--

DROP TABLE IF EXISTS `interests`;
/*!40101 SET @saved_cs_client     = @@character_set_client */;
/*!40101 SET character_set_client = utf8 */;
CREATE TABLE `interests` (
  `id` bigint(20) unsigned NOT NULL AUTO_INCREMENT,
  `adventure_id` bigint(20) unsigned NOT NULL,
  `user_id` bigint(20) unsigned NOT NULL,
  `created_at` timestamp NULL DEFAULT NULL,
  `updated_at` timestamp NULL DEFAULT NULL,
  PRIMARY KEY (`id`),
  KEY `interests_adventure_id_foreign` (`adventure_id`),
  KEY `interests_user_id_foreign` (`user_id`),
  CONSTRAINT `interests_adventure_id_foreign` FOREIGN KEY (`adventure_id`) REFERENCES `adventures` (`id`) ON DELETE CASCADE,
  CONSTRAINT `interests_user_id_foreign` FOREIGN KEY (`user_id`) REFERENCES `users` (`id`) ON DELETE CASCADE
) ENGINE=InnoDB AUTO_INCREMENT=255 DEFAULT CHARSET=utf8mb4 COLLATE=utf8mb4_unicode_ci;
/*!40101 SET character_set_client = @saved_cs_client */;

--
-- Dumping data for table `interests`
--

LOCK TABLES `interests` WRITE;
/*!40000 ALTER TABLE `interests` DISABLE KEYS */;
INSERT INTO `interests` VALUES (1,1,56,NULL,NULL),(2,1,18,NULL,NULL),(3,3,44,NULL,NULL),(4,4,27,NULL,NULL),(5,5,55,NULL,NULL),(6,6,87,NULL,NULL),(7,6,41,NULL,NULL),(8,6,14,NULL,NULL),(9,7,99,NULL,NULL),(10,7,98,NULL,NULL),(11,7,26,NULL,NULL),(12,8,8,NULL,NULL),(13,8,34,NULL,NULL),(14,8,100,NULL,NULL),(15,9,49,NULL,NULL),(16,9,53,NULL,NULL),(17,9,65,NULL,NULL),(18,9,63,NULL,NULL),(19,10,91,NULL,NULL),(20,10,16,NULL,NULL),(21,10,8,NULL,NULL),(22,10,63,NULL,NULL),(23,10,35,NULL,NULL),(24,11,68,NULL,NULL),(25,12,44,NULL,NULL),(26,12,51,NULL,NULL),(27,13,78,NULL,NULL),(28,14,37,NULL,NULL),(29,14,29,NULL,NULL),(30,14,38,NULL,NULL),(31,14,70,NULL,NULL),(32,15,19,NULL,NULL),(33,15,57,NULL,NULL),(34,15,69,NULL,NULL),(35,15,58,NULL,NULL),(36,16,46,NULL,NULL),(37,16,58,NULL,NULL),(38,17,65,NULL,NULL),(39,18,11,NULL,NULL),(40,18,9,NULL,NULL),(41,19,13,NULL,NULL),(42,19,95,NULL,NULL),(43,19,78,NULL,NULL),(44,19,93,NULL,NULL),(45,20,89,NULL,NULL),(46,21,79,NULL,NULL),(47,22,2,NULL,NULL),(48,22,80,NULL,NULL),(49,22,31,NULL,NULL),(50,22,83,NULL,NULL),(51,22,41,NULL,NULL),(52,23,53,NULL,NULL),(53,24,14,NULL,NULL),(54,24,92,NULL,NULL),(55,24,11,NULL,NULL),(56,24,43,NULL,NULL),(57,25,20,NULL,NULL),(58,25,76,NULL,NULL),(59,25,4,NULL,NULL),(60,26,33,NULL,NULL),(61,26,66,NULL,NULL),(62,26,85,NULL,NULL),(63,27,49,NULL,NULL),(64,27,36,NULL,NULL),(65,27,11,NULL,NULL),(66,27,23,NULL,NULL),(67,27,28,NULL,NULL),(68,29,53,NULL,NULL),(69,30,14,NULL,NULL),(70,30,88,NULL,NULL),(71,30,48,NULL,NULL),(72,30,97,NULL,NULL),(73,31,74,NULL,NULL),(74,31,71,NULL,NULL),(75,32,89,NULL,NULL),(76,32,22,NULL,NULL),(77,32,76,NULL,NULL),(78,32,44,NULL,NULL),(79,34,21,NULL,NULL),(80,35,76,NULL,NULL),(81,35,25,NULL,NULL),(82,35,46,NULL,NULL),(83,35,45,NULL,NULL),(84,35,77,NULL,NULL),(85,36,7,NULL,NULL),(86,36,100,NULL,NULL),(87,37,45,NULL,NULL),(88,38,7,NULL,NULL),(89,38,21,NULL,NULL),(90,38,65,NULL,NULL),(91,38,79,NULL,NULL),(92,38,42,NULL,NULL),(93,39,50,NULL,NULL),(94,39,79,NULL,NULL),(95,39,34,NULL,NULL),(96,39,63,NULL,NULL),(97,39,70,NULL,NULL),(98,40,14,NULL,NULL),(99,41,8,NULL,NULL),(100,41,29,NULL,NULL),(101,41,18,NULL,NULL),(102,41,6,NULL,NULL),(103,42,83,NULL,NULL),(104,42,38,NULL,NULL),(105,42,40,NULL,NULL),(106,42,24,NULL,NULL),(107,43,9,NULL,NULL),(108,43,72,NULL,NULL),(109,43,88,NULL,NULL),(110,45,53,NULL,NULL),(111,45,54,NULL,NULL),(112,45,22,NULL,NULL),(113,45,56,NULL,NULL),(114,45,45,NULL,NULL),(115,46,53,NULL,NULL),(116,46,12,NULL,NULL),(117,46,52,NULL,NULL),(118,46,98,NULL,NULL),(119,46,51,NULL,NULL),(120,47,47,NULL,NULL),(121,47,61,NULL,NULL),(122,48,41,NULL,NULL),(123,48,82,NULL,NULL),(124,49,79,NULL,NULL),(125,49,33,NULL,NULL),(126,49,20,NULL,NULL),(127,50,58,NULL,NULL),(128,50,18,NULL,NULL),(129,50,15,NULL,NULL),(130,51,65,NULL,NULL),(131,51,33,NULL,NULL),(132,51,3,NULL,NULL),(133,51,16,NULL,NULL),(134,52,11,NULL,NULL),(135,52,60,NULL,NULL),(136,52,74,NULL,NULL),(137,52,61,NULL,NULL),(138,52,75,NULL,NULL),(139,53,18,NULL,NULL),(140,53,81,NULL,NULL),(141,53,73,NULL,NULL),(142,53,66,NULL,NULL),(143,55,98,NULL,NULL),(144,55,99,NULL,NULL),(145,55,51,NULL,NULL),(146,55,11,NULL,NULL),(147,57,3,NULL,NULL),(148,57,59,NULL,NULL),(149,58,1,NULL,NULL),(150,59,19,NULL,NULL),(151,61,49,NULL,NULL),(152,61,61,NULL,NULL),(153,61,82,NULL,NULL),(154,61,20,NULL,NULL),(155,62,67,NULL,NULL),(156,62,35,NULL,NULL),(157,62,56,NULL,NULL),(158,63,20,NULL,NULL),(159,63,96,NULL,NULL),(160,63,13,NULL,NULL),(161,63,42,NULL,NULL),(162,65,100,NULL,NULL),(163,65,84,NULL,NULL),(164,65,82,NULL,NULL),(165,66,88,NULL,NULL),(166,66,33,NULL,NULL),(167,68,44,NULL,NULL),(168,68,20,NULL,NULL),(169,68,34,NULL,NULL),(170,68,14,NULL,NULL),(171,68,30,NULL,NULL),(172,69,89,NULL,NULL),(173,69,46,NULL,NULL),(174,69,83,NULL,NULL),(175,69,100,NULL,NULL),(176,69,5,NULL,NULL),(177,70,32,NULL,NULL),(178,70,92,NULL,NULL),(179,70,82,NULL,NULL),(180,71,74,NULL,NULL),(181,71,44,NULL,NULL),(182,71,7,NULL,NULL),(183,71,87,NULL,NULL),(184,73,30,NULL,NULL),(185,73,63,NULL,NULL),(186,73,90,NULL,NULL),(187,73,39,NULL,NULL),(188,74,23,NULL,NULL),(189,74,88,NULL,NULL),(190,75,99,NULL,NULL),(191,75,25,NULL,NULL),(192,75,81,NULL,NULL),(193,75,95,NULL,NULL),(194,75,74,NULL,NULL),(195,77,12,NULL,NULL),(196,78,5,NULL,NULL),(197,78,13,NULL,NULL),(198,78,94,NULL,NULL),(199,78,71,NULL,NULL),(200,79,56,NULL,NULL),(201,80,97,NULL,NULL),(202,80,49,NULL,NULL),(203,80,17,NULL,NULL),(204,80,78,NULL,NULL),(205,80,4,NULL,NULL),(206,81,54,NULL,NULL),(207,82,90,NULL,NULL),(208,82,37,NULL,NULL),(209,82,23,NULL,NULL),(210,82,45,NULL,NULL),(211,82,70,NULL,NULL),(212,83,4,NULL,NULL),(213,86,12,NULL,NULL),(214,86,84,NULL,NULL),(215,86,48,NULL,NULL),(216,86,61,NULL,NULL),(217,86,53,NULL,NULL),(218,87,29,NULL,NULL),(219,87,74,NULL,NULL),(220,87,100,NULL,NULL),(221,88,76,NULL,NULL),(222,88,56,NULL,NULL),(223,88,22,NULL,NULL),(224,90,62,NULL,NULL),(225,91,98,NULL,NULL),(226,91,81,NULL,NULL),(227,92,85,NULL,NULL),(228,94,50,NULL,NULL),(229,94,12,NULL,NULL),(230,94,72,NULL,NULL),(231,94,35,NULL,NULL),(232,94,56,NULL,NULL),(233,95,54,NULL,NULL),(234,95,8,NULL,NULL),(235,96,54,NULL,NULL),(236,96,17,NULL,NULL),(237,96,29,NULL,NULL),(238,96,14,NULL,NULL),(239,96,34,NULL,NULL),(240,97,31,NULL,NULL),(241,97,26,NULL,NULL),(242,98,44,NULL,NULL),(243,98,64,NULL,NULL),(244,99,18,NULL,NULL),(245,99,100,NULL,NULL),(246,99,73,NULL,NULL),(247,99,90,NULL,NULL),(248,99,23,NULL,NULL),(249,100,96,NULL,NULL),(250,100,84,NULL,NULL),(251,100,97,NULL,NULL),(252,100,8,NULL,NULL),(253,100,11,NULL,NULL),(254,2,101,NULL,NULL);
/*!40000 ALTER TABLE `interests` ENABLE KEYS */;
UNLOCK TABLES;

--
-- Table structure for table `job_batches`
--

DROP TABLE IF EXISTS `job_batches`;
/*!40101 SET @saved_cs_client     = @@character_set_client */;
/*!40101 SET character_set_client = utf8 */;
CREATE TABLE `job_batches` (
  `id` varchar(255) NOT NULL,
  `name` varchar(255) NOT NULL,
  `total_jobs` int(11) NOT NULL,
  `pending_jobs` int(11) NOT NULL,
  `failed_jobs` int(11) NOT NULL,
  `failed_job_ids` longtext NOT NULL,
  `options` mediumtext DEFAULT NULL,
  `cancelled_at` int(11) DEFAULT NULL,
  `created_at` int(11) NOT NULL,
  `finished_at` int(11) DEFAULT NULL,
  PRIMARY KEY (`id`)
) ENGINE=InnoDB DEFAULT CHARSET=utf8mb4 COLLATE=utf8mb4_unicode_ci;
/*!40101 SET character_set_client = @saved_cs_client */;

--
-- Dumping data for table `job_batches`
--

LOCK TABLES `job_batches` WRITE;
/*!40000 ALTER TABLE `job_batches` DISABLE KEYS */;
/*!40000 ALTER TABLE `job_batches` ENABLE KEYS */;
UNLOCK TABLES;

--
-- Table structure for table `jobs`
--

DROP TABLE IF EXISTS `jobs`;
/*!40101 SET @saved_cs_client     = @@character_set_client */;
/*!40101 SET character_set_client = utf8 */;
CREATE TABLE `jobs` (
  `id` bigint(20) unsigned NOT NULL AUTO_INCREMENT,
  `queue` varchar(255) NOT NULL,
  `payload` longtext NOT NULL,
  `attempts` tinyint(3) unsigned NOT NULL,
  `reserved_at` int(10) unsigned DEFAULT NULL,
  `available_at` int(10) unsigned NOT NULL,
  `created_at` int(10) unsigned NOT NULL,
  PRIMARY KEY (`id`),
  KEY `jobs_queue_index` (`queue`)
) ENGINE=InnoDB DEFAULT CHARSET=utf8mb4 COLLATE=utf8mb4_unicode_ci;
/*!40101 SET character_set_client = @saved_cs_client */;

--
-- Dumping data for table `jobs`
--

LOCK TABLES `jobs` WRITE;
/*!40000 ALTER TABLE `jobs` DISABLE KEYS */;
/*!40000 ALTER TABLE `jobs` ENABLE KEYS */;
UNLOCK TABLES;

--
-- Table structure for table `messages`
--

DROP TABLE IF EXISTS `messages`;
/*!40101 SET @saved_cs_client     = @@character_set_client */;
/*!40101 SET character_set_client = utf8 */;
CREATE TABLE `messages` (
  `id` bigint(20) unsigned NOT NULL AUTO_INCREMENT,
  `message_text` text NOT NULL,
  `user_id` bigint(20) unsigned NOT NULL,
  `conversation_id` bigint(20) unsigned NOT NULL,
  `message_sent_at` timestamp NOT NULL DEFAULT current_timestamp(),
  `created_at` timestamp NULL DEFAULT NULL,
  `updated_at` timestamp NULL DEFAULT NULL,
  PRIMARY KEY (`id`),
  KEY `messages_user_id_foreign` (`user_id`),
  KEY `messages_conversation_id_foreign` (`conversation_id`),
  CONSTRAINT `messages_conversation_id_foreign` FOREIGN KEY (`conversation_id`) REFERENCES `conversations` (`id`) ON DELETE CASCADE,
  CONSTRAINT `messages_user_id_foreign` FOREIGN KEY (`user_id`) REFERENCES `users` (`id`)
) ENGINE=InnoDB AUTO_INCREMENT=763 DEFAULT CHARSET=utf8mb4 COLLATE=utf8mb4_unicode_ci;
/*!40101 SET character_set_client = @saved_cs_client */;

--
-- Dumping data for table `messages`
--

LOCK TABLES `messages` WRITE;
/*!40000 ALTER TABLE `messages` DISABLE KEYS */;
INSERT INTO `messages` VALUES (1,'Reprehenderit qui pariatur quis assumenda et.',1,1,'2024-05-28 14:18:44','2024-05-28 14:18:44','2024-05-28 14:18:44'),(2,'Et blanditiis officiis sint voluptas reiciendis magnam aut.',1,1,'2024-05-28 14:18:44','2024-05-28 14:18:44','2024-05-28 14:18:44'),(3,'Voluptatum ut et neque voluptatem delectus beatae.',1,1,'2024-05-28 14:18:44','2024-05-28 14:18:44','2024-05-28 14:18:44'),(4,'Omnis nihil doloribus accusamus et fugiat qui.',1,1,'2024-05-28 14:18:44','2024-05-28 14:18:44','2024-05-28 14:18:44'),(5,'Expedita ducimus et accusamus incidunt similique.',1,1,'2024-05-28 14:18:44','2024-05-28 14:18:44','2024-05-28 14:18:44'),(6,'Similique enim voluptas architecto non qui expedita.',1,5,'2024-05-28 14:18:44','2024-05-28 14:18:44','2024-05-28 14:18:44'),(7,'Aspernatur accusantium earum non qui.',1,5,'2024-05-28 14:18:44','2024-05-28 14:18:44','2024-05-28 14:18:44'),(8,'Est est atque ea commodi consequatur ut quidem.',1,5,'2024-05-28 14:18:44','2024-05-28 14:18:44','2024-05-28 14:18:44'),(9,'Eaque perspiciatis temporibus veniam laudantium hic omnis dolor.',1,5,'2024-05-28 14:18:44','2024-05-28 14:18:44','2024-05-28 14:18:44'),(10,'Quos qui et et illo deleniti labore.',1,9,'2024-05-28 14:18:44','2024-05-28 14:18:44','2024-05-28 14:18:44'),(11,'Praesentium in explicabo omnis omnis quisquam voluptatem et est.',1,9,'2024-05-28 14:18:44','2024-05-28 14:18:44','2024-05-28 14:18:44'),(12,'Dicta qui enim quas tempore qui.',1,9,'2024-05-28 14:18:44','2024-05-28 14:18:44','2024-05-28 14:18:44'),(13,'Earum placeat non ex minima vitae.',1,9,'2024-05-28 14:18:44','2024-05-28 14:18:44','2024-05-28 14:18:44'),(14,'Repudiandae eos at voluptas velit et.',1,9,'2024-05-28 14:18:44','2024-05-28 14:18:44','2024-05-28 14:18:44'),(15,'Quod quos ipsa consequatur similique.',1,9,'2024-05-28 14:18:44','2024-05-28 14:18:44','2024-05-28 14:18:44'),(16,'Dignissimos fugiat voluptatem qui cum nihil.',1,9,'2024-05-28 14:18:44','2024-05-28 14:18:44','2024-05-28 14:18:44'),(17,'Dolorem quidem voluptatibus et atque tenetur.',1,20,'2024-05-28 14:18:44','2024-05-28 14:18:44','2024-05-28 14:18:44'),(18,'Ut quaerat saepe soluta voluptates et nesciunt autem reprehenderit.',1,20,'2024-05-28 14:18:44','2024-05-28 14:18:44','2024-05-28 14:18:44'),(19,'In et et rerum vel blanditiis dolore.',1,31,'2024-05-28 14:18:44','2024-05-28 14:18:44','2024-05-28 14:18:44'),(20,'Earum voluptatem est assumenda perspiciatis quam rerum quis error.',1,31,'2024-05-28 14:18:44','2024-05-28 14:18:44','2024-05-28 14:18:44'),(21,'Voluptatibus quis vel perspiciatis et rerum illum et assumenda.',1,31,'2024-05-28 14:18:44','2024-05-28 14:18:44','2024-05-28 14:18:44'),(22,'Sequi est aliquid dolorem veniam consequatur.',1,31,'2024-05-28 14:18:44','2024-05-28 14:18:44','2024-05-28 14:18:44'),(23,'Dignissimos minus sequi ratione sed.',1,31,'2024-05-28 14:18:44','2024-05-28 14:18:44','2024-05-28 14:18:44'),(24,'Porro quia ut voluptatem quasi eaque cumque.',1,31,'2024-05-28 14:18:44','2024-05-28 14:18:44','2024-05-28 14:18:44'),(25,'Aut sed et sed rerum velit veritatis id quis.',1,31,'2024-05-28 14:18:44','2024-05-28 14:18:44','2024-05-28 14:18:44'),(26,'Molestiae excepturi ipsa aliquam.',1,31,'2024-05-28 14:18:44','2024-05-28 14:18:44','2024-05-28 14:18:44'),(27,'Dolor recusandae illum quas eveniet autem.',1,45,'2024-05-28 14:18:44','2024-05-28 14:18:44','2024-05-28 14:18:44'),(28,'Cum voluptate deleniti explicabo vitae commodi libero.',1,45,'2024-05-28 14:18:44','2024-05-28 14:18:44','2024-05-28 14:18:44'),(29,'Voluptatem eligendi omnis voluptatem vitae voluptas facilis non.',1,45,'2024-05-28 14:18:44','2024-05-28 14:18:44','2024-05-28 14:18:44'),(30,'Cum quia nemo enim officiis.',1,45,'2024-05-28 14:18:44','2024-05-28 14:18:44','2024-05-28 14:18:44'),(31,'Ut et quam voluptatem aut maiores et voluptatum.',1,45,'2024-05-28 14:18:44','2024-05-28 14:18:44','2024-05-28 14:18:44'),(32,'Aperiam aliquam ut est amet qui.',1,45,'2024-05-28 14:18:44','2024-05-28 14:18:44','2024-05-28 14:18:44'),(33,'Veniam labore dicta cumque sit quasi.',1,63,'2024-05-28 14:18:44','2024-05-28 14:18:44','2024-05-28 14:18:44'),(34,'Ab maiores sunt inventore enim animi.',1,63,'2024-05-28 14:18:44','2024-05-28 14:18:44','2024-05-28 14:18:44'),(35,'Accusamus laboriosam aut rem reprehenderit minus cupiditate.',1,63,'2024-05-28 14:18:44','2024-05-28 14:18:44','2024-05-28 14:18:44'),(36,'Exercitationem qui provident quia ad rerum voluptatem est eius.',1,63,'2024-05-28 14:18:44','2024-05-28 14:18:44','2024-05-28 14:18:44'),(37,'Inventore repellendus vitae sapiente in ipsa sint eum.',1,63,'2024-05-28 14:18:44','2024-05-28 14:18:44','2024-05-28 14:18:44'),(38,'Incidunt veritatis qui deleniti rerum.',1,63,'2024-05-28 14:18:44','2024-05-28 14:18:44','2024-05-28 14:18:44'),(39,'Repudiandae velit enim qui veritatis provident.',1,63,'2024-05-28 14:18:44','2024-05-28 14:18:44','2024-05-28 14:18:44'),(40,'Hic consequatur rerum quidem hic ratione quia.',1,63,'2024-05-28 14:18:44','2024-05-28 14:18:44','2024-05-28 14:18:44'),(41,'In nobis est necessitatibus ducimus.',1,98,'2024-05-28 14:18:44','2024-05-28 14:18:44','2024-05-28 14:18:44'),(42,'Incidunt eius quae nisi.',1,98,'2024-05-28 14:18:44','2024-05-28 14:18:44','2024-05-28 14:18:44'),(43,'Reiciendis quis iste non ab enim voluptas.',1,98,'2024-05-28 14:18:44','2024-05-28 14:18:44','2024-05-28 14:18:44'),(44,'Ab facere quae labore placeat consequatur aut.',1,98,'2024-05-28 14:18:44','2024-05-28 14:18:44','2024-05-28 14:18:44'),(45,'Minus tempore et quae possimus ut veritatis.',1,98,'2024-05-28 14:18:44','2024-05-28 14:18:44','2024-05-28 14:18:44'),(46,'Excepturi ut hic aut.',1,98,'2024-05-28 14:18:44','2024-05-28 14:18:44','2024-05-28 14:18:44'),(47,'Ut sunt aliquid quia dolorem possimus consequatur corporis voluptatem.',1,98,'2024-05-28 14:18:44','2024-05-28 14:18:44','2024-05-28 14:18:44'),(48,'Aspernatur tenetur quam eos reiciendis nihil tempora.',1,98,'2024-05-28 14:18:44','2024-05-28 14:18:44','2024-05-28 14:18:44'),(49,'Nihil earum aut necessitatibus alias quibusdam eos doloremque nesciunt.',2,2,'2024-05-28 14:18:44','2024-05-28 14:18:44','2024-05-28 14:18:44'),(50,'Autem distinctio et sed magni odio.',2,2,'2024-05-28 14:18:44','2024-05-28 14:18:44','2024-05-28 14:18:44'),(51,'Velit sunt adipisci ut voluptatem et sit.',2,2,'2024-05-28 14:18:44','2024-05-28 14:18:44','2024-05-28 14:18:44'),(52,'Qui quia vitae est velit voluptatem.',2,2,'2024-05-28 14:18:44','2024-05-28 14:18:44','2024-05-28 14:18:44'),(53,'Et similique repellat sed ut.',2,2,'2024-05-28 14:18:44','2024-05-28 14:18:44','2024-05-28 14:18:44'),(54,'Deleniti nobis ex sit quis et laudantium sint.',2,12,'2024-05-28 14:18:44','2024-05-28 14:18:44','2024-05-28 14:18:44'),(55,'Delectus qui rerum dolorem repellendus sint qui molestias.',2,12,'2024-05-28 14:18:44','2024-05-28 14:18:44','2024-05-28 14:18:44'),(56,'Et dolor qui mollitia ipsum.',2,12,'2024-05-28 14:18:44','2024-05-28 14:18:44','2024-05-28 14:18:44'),(57,'Id est nihil minima.',2,12,'2024-05-28 14:18:44','2024-05-28 14:18:44','2024-05-28 14:18:44'),(58,'Sunt iste nihil quam quibusdam qui.',2,12,'2024-05-28 14:18:44','2024-05-28 14:18:44','2024-05-28 14:18:44'),(59,'Est suscipit consequuntur et qui et placeat temporibus esse.',2,12,'2024-05-28 14:18:44','2024-05-28 14:18:44','2024-05-28 14:18:44'),(60,'Voluptate quasi velit necessitatibus saepe adipisci.',2,12,'2024-05-28 14:18:44','2024-05-28 14:18:44','2024-05-28 14:18:44'),(61,'Et asperiores delectus voluptate iste quia.',2,12,'2024-05-28 14:18:44','2024-05-28 14:18:44','2024-05-28 14:18:44'),(62,'Inventore ea qui voluptatem et voluptatem.',2,14,'2024-05-28 14:18:44','2024-05-28 14:18:44','2024-05-28 14:18:44'),(63,'Id illum qui voluptatum aut.',2,14,'2024-05-28 14:18:44','2024-05-28 14:18:44','2024-05-28 14:18:44'),(64,'Voluptate totam qui laborum omnis optio atque.',2,14,'2024-05-28 14:18:44','2024-05-28 14:18:44','2024-05-28 14:18:44'),(65,'Vel ipsum optio dolor aspernatur quidem rerum et.',2,14,'2024-05-28 14:18:44','2024-05-28 14:18:44','2024-05-28 14:18:44'),(66,'Dolorum unde explicabo aut aspernatur eveniet odit esse aut.',2,14,'2024-05-28 14:18:44','2024-05-28 14:18:44','2024-05-28 14:18:44'),(67,'Facilis animi possimus corporis blanditiis asperiores et.',2,14,'2024-05-28 14:18:44','2024-05-28 14:18:44','2024-05-28 14:18:44'),(68,'Vitae modi tenetur quae dolores et ducimus velit.',2,20,'2024-05-28 14:18:44','2024-05-28 14:18:44','2024-05-28 14:18:44'),(69,'Autem autem aut alias ex.',2,27,'2024-05-28 14:18:44','2024-05-28 14:18:44','2024-05-28 14:18:44'),(70,'Sed consectetur modi necessitatibus vero nulla.',2,27,'2024-05-28 14:18:44','2024-05-28 14:18:44','2024-05-28 14:18:44'),(71,'Exercitationem ut ut distinctio et adipisci culpa vitae.',2,27,'2024-05-28 14:18:44','2024-05-28 14:18:44','2024-05-28 14:18:44'),(72,'Maiores quia corporis incidunt accusamus non sint.',2,27,'2024-05-28 14:18:44','2024-05-28 14:18:44','2024-05-28 14:18:44'),(73,'Odio sint alias ipsam ea molestiae velit distinctio.',2,55,'2024-05-28 14:18:44','2024-05-28 14:18:44','2024-05-28 14:18:44'),(74,'Molestiae optio itaque quasi molestias maxime numquam.',2,55,'2024-05-28 14:18:44','2024-05-28 14:18:44','2024-05-28 14:18:44'),(75,'Inventore voluptas quae deleniti eveniet iusto et maiores.',2,55,'2024-05-28 14:18:44','2024-05-28 14:18:44','2024-05-28 14:18:44'),(76,'Repellat est ullam aut ex cupiditate voluptatum esse.',2,55,'2024-05-28 14:18:44','2024-05-28 14:18:44','2024-05-28 14:18:44'),(77,'Vitae eius eaque omnis nesciunt laboriosam ullam.',2,55,'2024-05-28 14:18:44','2024-05-28 14:18:44','2024-05-28 14:18:44'),(78,'Eveniet mollitia quo error laborum dolorem.',2,55,'2024-05-28 14:18:44','2024-05-28 14:18:44','2024-05-28 14:18:44'),(79,'Voluptatibus quis expedita laudantium.',2,67,'2024-05-28 14:18:44','2024-05-28 14:18:44','2024-05-28 14:18:44'),(80,'Quisquam sit ratione non sint amet quidem.',2,67,'2024-05-28 14:18:44','2024-05-28 14:18:44','2024-05-28 14:18:44'),(81,'Qui dolores ad illum sunt labore sed dolorem.',2,67,'2024-05-28 14:18:44','2024-05-28 14:18:44','2024-05-28 14:18:44'),(82,'Aut odio explicabo qui.',2,67,'2024-05-28 14:18:44','2024-05-28 14:18:44','2024-05-28 14:18:44'),(83,'Aut vero sapiente voluptas vitae omnis autem.',2,67,'2024-05-28 14:18:44','2024-05-28 14:18:44','2024-05-28 14:18:44'),(84,'Amet sit voluptas rerum dolor.',2,68,'2024-05-28 14:18:44','2024-05-28 14:18:44','2024-05-28 14:18:44'),(85,'Rerum numquam ipsam iste vero quas excepturi.',2,68,'2024-05-28 14:18:44','2024-05-28 14:18:44','2024-05-28 14:18:44'),(86,'In aut ad velit necessitatibus qui atque expedita.',2,68,'2024-05-28 14:18:44','2024-05-28 14:18:44','2024-05-28 14:18:44'),(87,'Ut voluptatum vero facilis fuga distinctio facilis explicabo architecto.',2,68,'2024-05-28 14:18:44','2024-05-28 14:18:44','2024-05-28 14:18:44'),(88,'Nam cumque nam vitae nisi earum et ut.',2,80,'2024-05-28 14:18:44','2024-05-28 14:18:44','2024-05-28 14:18:44'),(89,'Eveniet deleniti aut est repellat eaque optio ad.',2,84,'2024-05-28 14:18:44','2024-05-28 14:18:44','2024-05-28 14:18:44'),(90,'Corporis ea et illo eaque nisi quidem dolorum.',2,84,'2024-05-28 14:18:44','2024-05-28 14:18:44','2024-05-28 14:18:44'),(91,'Vero vel numquam laboriosam laboriosam magnam.',2,84,'2024-05-28 14:18:44','2024-05-28 14:18:44','2024-05-28 14:18:44'),(92,'Libero esse officiis qui ut doloribus eum voluptatem.',2,84,'2024-05-28 14:18:44','2024-05-28 14:18:44','2024-05-28 14:18:44'),(93,'Soluta veritatis illum cumque quis eligendi.',2,84,'2024-05-28 14:18:44','2024-05-28 14:18:44','2024-05-28 14:18:44'),(94,'Quibusdam numquam atque animi ipsa.',2,84,'2024-05-28 14:18:44','2024-05-28 14:18:44','2024-05-28 14:18:44'),(95,'Perspiciatis mollitia labore delectus et unde aut dolore.',2,90,'2024-05-28 14:18:44','2024-05-28 14:18:44','2024-05-28 14:18:44'),(96,'Et autem velit quidem fugiat et eos.',2,90,'2024-05-28 14:18:44','2024-05-28 14:18:44','2024-05-28 14:18:44'),(97,'Odit dolor molestias repellat blanditiis.',2,90,'2024-05-28 14:18:44','2024-05-28 14:18:44','2024-05-28 14:18:44'),(98,'Impedit inventore doloribus praesentium veniam est sit natus ut.',2,90,'2024-05-28 14:18:44','2024-05-28 14:18:44','2024-05-28 14:18:44'),(99,'Et quibusdam nihil omnis perspiciatis.',2,90,'2024-05-28 14:18:44','2024-05-28 14:18:44','2024-05-28 14:18:44'),(100,'Nam aut consequatur omnis nobis dolor.',2,90,'2024-05-28 14:18:44','2024-05-28 14:18:44','2024-05-28 14:18:44'),(101,'Dolore quae voluptatem pariatur veniam commodi quisquam sunt.',2,97,'2024-05-28 14:18:44','2024-05-28 14:18:44','2024-05-28 14:18:44'),(102,'Quam id sed aliquam qui.',2,97,'2024-05-28 14:18:44','2024-05-28 14:18:44','2024-05-28 14:18:44'),(103,'Neque quod aliquid ipsum doloremque.',2,97,'2024-05-28 14:18:44','2024-05-28 14:18:44','2024-05-28 14:18:44'),(104,'Quia velit ea aut qui.',2,97,'2024-05-28 14:18:44','2024-05-28 14:18:44','2024-05-28 14:18:44'),(105,'Rerum consequatur est odio eveniet odio.',2,97,'2024-05-28 14:18:44','2024-05-28 14:18:44','2024-05-28 14:18:44'),(106,'Voluptatum amet veniam minus et voluptatem.',2,97,'2024-05-28 14:18:44','2024-05-28 14:18:44','2024-05-28 14:18:44'),(107,'Nihil aut cumque nam.',3,3,'2024-05-28 14:18:44','2024-05-28 14:18:44','2024-05-28 14:18:44'),(108,'Nostrum maxime praesentium fuga.',3,3,'2024-05-28 14:18:44','2024-05-28 14:18:44','2024-05-28 14:18:44'),(109,'Perspiciatis laborum officia est fuga quae id.',3,3,'2024-05-28 14:18:44','2024-05-28 14:18:44','2024-05-28 14:18:44'),(110,'Accusantium rerum dolorum modi.',3,3,'2024-05-28 14:18:44','2024-05-28 14:18:44','2024-05-28 14:18:44'),(111,'Eum excepturi molestiae fugit fugiat et sint quia.',3,3,'2024-05-28 14:18:44','2024-05-28 14:18:44','2024-05-28 14:18:44'),(112,'Possimus laudantium consequatur mollitia cupiditate et est perspiciatis.',3,9,'2024-05-28 14:18:44','2024-05-28 14:18:44','2024-05-28 14:18:44'),(113,'Inventore molestiae voluptates odit alias similique.',3,25,'2024-05-28 14:18:44','2024-05-28 14:18:44','2024-05-28 14:18:44'),(114,'Quia quas aut possimus optio.',3,25,'2024-05-28 14:18:44','2024-05-28 14:18:44','2024-05-28 14:18:44'),(115,'Facilis optio dolores itaque excepturi consequatur consequuntur voluptates quos.',3,25,'2024-05-28 14:18:44','2024-05-28 14:18:44','2024-05-28 14:18:44'),(116,'Dolores voluptates voluptatem sed dolor in voluptatum voluptate repellendus.',3,25,'2024-05-28 14:18:44','2024-05-28 14:18:44','2024-05-28 14:18:44'),(117,'Velit adipisci reiciendis sapiente qui qui quaerat omnis.',3,25,'2024-05-28 14:18:44','2024-05-28 14:18:44','2024-05-28 14:18:44'),(118,'Vel est perferendis nisi id.',3,25,'2024-05-28 14:18:44','2024-05-28 14:18:44','2024-05-28 14:18:44'),(119,'Error omnis quasi vero et beatae temporibus nisi.',3,32,'2024-05-28 14:18:44','2024-05-28 14:18:44','2024-05-28 14:18:44'),(120,'Minus deleniti laboriosam nihil ducimus.',3,32,'2024-05-28 14:18:44','2024-05-28 14:18:44','2024-05-28 14:18:44'),(121,'Iste illum omnis accusamus doloribus.',3,32,'2024-05-28 14:18:44','2024-05-28 14:18:44','2024-05-28 14:18:44'),(122,'Voluptates tempore qui illum necessitatibus culpa repudiandae laboriosam praesentium.',3,32,'2024-05-28 14:18:44','2024-05-28 14:18:44','2024-05-28 14:18:44'),(123,'Repudiandae harum perferendis amet.',3,32,'2024-05-28 14:18:44','2024-05-28 14:18:44','2024-05-28 14:18:44'),(124,'Veniam placeat eum libero cumque.',3,38,'2024-05-28 14:18:44','2024-05-28 14:18:44','2024-05-28 14:18:44'),(125,'Earum est ipsum sunt voluptatem et sit adipisci.',3,38,'2024-05-28 14:18:44','2024-05-28 14:18:44','2024-05-28 14:18:44'),(126,'Harum perspiciatis optio accusantium nostrum omnis est sunt saepe.',3,55,'2024-05-28 14:18:44','2024-05-28 14:18:44','2024-05-28 14:18:44'),(127,'Explicabo dolorem voluptas similique odit in aliquam.',3,66,'2024-05-28 14:18:44','2024-05-28 14:18:44','2024-05-28 14:18:44'),(128,'Beatae cum ipsa enim consequatur.',3,66,'2024-05-28 14:18:44','2024-05-28 14:18:44','2024-05-28 14:18:44'),(129,'Et qui impedit nam molestiae nemo illo rerum.',3,66,'2024-05-28 14:18:44','2024-05-28 14:18:44','2024-05-28 14:18:44'),(130,'Maiores voluptas quidem error cupiditate minus eum et.',3,66,'2024-05-28 14:18:44','2024-05-28 14:18:44','2024-05-28 14:18:44'),(131,'Aut sed sint aspernatur aliquam.',3,66,'2024-05-28 14:18:44','2024-05-28 14:18:44','2024-05-28 14:18:44'),(132,'Dolorum dicta dolor minima.',3,72,'2024-05-28 14:18:44','2024-05-28 14:18:44','2024-05-28 14:18:44'),(133,'Eum labore distinctio maxime eius ut nemo.',3,72,'2024-05-28 14:18:44','2024-05-28 14:18:44','2024-05-28 14:18:44'),(134,'Ab velit voluptas nam.',3,72,'2024-05-28 14:18:44','2024-05-28 14:18:44','2024-05-28 14:18:44'),(135,'Assumenda fugiat quia officiis dignissimos sed ab.',3,78,'2024-05-28 14:18:44','2024-05-28 14:18:44','2024-05-28 14:18:44'),(136,'Mollitia facilis quaerat provident explicabo animi.',3,78,'2024-05-28 14:18:44','2024-05-28 14:18:44','2024-05-28 14:18:44'),(137,'Officiis neque accusantium tempore velit est similique et.',3,78,'2024-05-28 14:18:44','2024-05-28 14:18:44','2024-05-28 14:18:44'),(138,'Necessitatibus qui cupiditate inventore dolor et consequatur.',3,92,'2024-05-28 14:18:44','2024-05-28 14:18:44','2024-05-28 14:18:44'),(139,'Atque qui eos eligendi cumque voluptas totam voluptatibus.',3,92,'2024-05-28 14:18:44','2024-05-28 14:18:44','2024-05-28 14:18:44'),(140,'Ut reprehenderit ut in est voluptatibus.',3,92,'2024-05-28 14:18:44','2024-05-28 14:18:44','2024-05-28 14:18:44'),(141,'Sed dolorem adipisci non voluptas explicabo earum aliquid non.',3,92,'2024-05-28 14:18:44','2024-05-28 14:18:44','2024-05-28 14:18:44'),(142,'Amet ad accusamus placeat id repudiandae.',4,4,'2024-05-28 14:18:44','2024-05-28 14:18:44','2024-05-28 14:18:44'),(143,'Provident iusto est consequuntur qui.',4,4,'2024-05-28 14:18:44','2024-05-28 14:18:44','2024-05-28 14:18:44'),(144,'Numquam voluptatem minus ut nemo non dolor et debitis.',4,4,'2024-05-28 14:18:44','2024-05-28 14:18:44','2024-05-28 14:18:44'),(145,'Similique atque ut architecto magni et sint.',4,4,'2024-05-28 14:18:44','2024-05-28 14:18:44','2024-05-28 14:18:44'),(146,'Mollitia iste quis vel fugiat.',4,4,'2024-05-28 14:18:44','2024-05-28 14:18:44','2024-05-28 14:18:44'),(147,'Voluptate maxime eos debitis quidem.',4,4,'2024-05-28 14:18:44','2024-05-28 14:18:44','2024-05-28 14:18:44'),(148,'Ut magni totam velit eum.',4,4,'2024-05-28 14:18:44','2024-05-28 14:18:44','2024-05-28 14:18:44'),(149,'Id qui cum alias ab maiores veniam.',4,11,'2024-05-28 14:18:44','2024-05-28 14:18:44','2024-05-28 14:18:44'),(150,'Iure placeat ipsum quibusdam enim delectus quas molestias.',4,46,'2024-05-28 14:18:44','2024-05-28 14:18:44','2024-05-28 14:18:44'),(151,'Autem quod dolorum deserunt non.',4,46,'2024-05-28 14:18:44','2024-05-28 14:18:44','2024-05-28 14:18:44'),(152,'Minus fuga quas praesentium voluptates.',4,46,'2024-05-28 14:18:44','2024-05-28 14:18:44','2024-05-28 14:18:44'),(153,'Consequatur ipsam quis aut culpa ducimus quidem iste in.',4,46,'2024-05-28 14:18:44','2024-05-28 14:18:44','2024-05-28 14:18:44'),(154,'Aut repellendus cum nesciunt numquam.',4,49,'2024-05-28 14:18:44','2024-05-28 14:18:44','2024-05-28 14:18:44'),(155,'Consequatur aliquid debitis consequatur eum eos.',4,50,'2024-05-28 14:18:44','2024-05-28 14:18:44','2024-05-28 14:18:44'),(156,'Culpa sed quia consequatur non ducimus magni voluptatem.',4,50,'2024-05-28 14:18:44','2024-05-28 14:18:44','2024-05-28 14:18:44'),(157,'Exercitationem omnis necessitatibus perspiciatis ad debitis in qui.',4,56,'2024-05-28 14:18:44','2024-05-28 14:18:44','2024-05-28 14:18:44'),(158,'Voluptatem quam eum et et.',4,56,'2024-05-28 14:18:44','2024-05-28 14:18:44','2024-05-28 14:18:44'),(159,'Optio facilis officia assumenda unde hic consequatur in.',4,56,'2024-05-28 14:18:44','2024-05-28 14:18:44','2024-05-28 14:18:44'),(160,'Consequuntur quod atque aut nihil totam sed dolorem.',4,56,'2024-05-28 14:18:44','2024-05-28 14:18:44','2024-05-28 14:18:44'),(161,'Fugiat eum reiciendis minima eligendi dolores.',4,56,'2024-05-28 14:18:44','2024-05-28 14:18:44','2024-05-28 14:18:44'),(162,'Modi et veniam et voluptatem dicta aliquam.',4,56,'2024-05-28 14:18:44','2024-05-28 14:18:44','2024-05-28 14:18:44'),(163,'Consequatur aut quo quia ut necessitatibus eos.',4,56,'2024-05-28 14:18:44','2024-05-28 14:18:44','2024-05-28 14:18:44'),(164,'Repellat dolorem explicabo id illo suscipit autem delectus ratione.',4,80,'2024-05-28 14:18:44','2024-05-28 14:18:44','2024-05-28 14:18:44'),(165,'Neque amet adipisci reiciendis illum incidunt et.',4,80,'2024-05-28 14:18:44','2024-05-28 14:18:44','2024-05-28 14:18:44'),(166,'Quo minus necessitatibus aperiam doloribus et nesciunt facilis.',4,80,'2024-05-28 14:18:44','2024-05-28 14:18:44','2024-05-28 14:18:44'),(167,'Animi est id voluptatem enim sint itaque aut.',4,80,'2024-05-28 14:18:44','2024-05-28 14:18:44','2024-05-28 14:18:44'),(168,'Consequatur eveniet numquam nisi assumenda quia sunt.',4,80,'2024-05-28 14:18:44','2024-05-28 14:18:44','2024-05-28 14:18:44'),(169,'Sequi qui non harum dolores iure officia.',4,80,'2024-05-28 14:18:44','2024-05-28 14:18:44','2024-05-28 14:18:44'),(170,'Doloremque tenetur aperiam exercitationem eveniet esse ratione.',5,1,'2024-05-28 14:18:44','2024-05-28 14:18:44','2024-05-28 14:18:44'),(171,'Ut ad harum reprehenderit facere eaque magnam exercitationem.',5,1,'2024-05-28 14:18:44','2024-05-28 14:18:44','2024-05-28 14:18:44'),(172,'Ut aliquid consectetur quia.',5,1,'2024-05-28 14:18:44','2024-05-28 14:18:44','2024-05-28 14:18:44'),(173,'Suscipit qui saepe quasi itaque fuga illum non autem.',5,5,'2024-05-28 14:18:44','2024-05-28 14:18:44','2024-05-28 14:18:44'),(174,'Quo repudiandae sunt illum incidunt.',5,5,'2024-05-28 14:18:44','2024-05-28 14:18:44','2024-05-28 14:18:44'),(175,'Commodi aspernatur et eius repellendus suscipit.',5,5,'2024-05-28 14:18:44','2024-05-28 14:18:44','2024-05-28 14:18:44'),(176,'Ipsa molestiae perferendis aperiam qui placeat recusandae.',5,25,'2024-05-28 14:18:44','2024-05-28 14:18:44','2024-05-28 14:18:44'),(177,'Odit officiis suscipit veniam id.',5,25,'2024-05-28 14:18:44','2024-05-28 14:18:44','2024-05-28 14:18:44'),(178,'Voluptatem cum officiis fugit et molestiae nisi.',5,40,'2024-05-28 14:18:44','2024-05-28 14:18:44','2024-05-28 14:18:44'),(179,'Commodi similique sed dignissimos ipsam.',5,69,'2024-05-28 14:18:44','2024-05-28 14:18:44','2024-05-28 14:18:44'),(180,'Dicta sint ipsa omnis neque est velit qui.',5,69,'2024-05-28 14:18:44','2024-05-28 14:18:44','2024-05-28 14:18:44'),(181,'In dolore nemo est tempora molestiae est natus.',5,69,'2024-05-28 14:18:44','2024-05-28 14:18:44','2024-05-28 14:18:44'),(182,'Sapiente nemo esse sed eligendi.',5,69,'2024-05-28 14:18:44','2024-05-28 14:18:44','2024-05-28 14:18:44'),(183,'Mollitia dolorem in aut adipisci eligendi culpa consectetur.',5,69,'2024-05-28 14:18:44','2024-05-28 14:18:44','2024-05-28 14:18:44'),(184,'Laborum earum culpa pariatur sint dolores.',5,69,'2024-05-28 14:18:44','2024-05-28 14:18:44','2024-05-28 14:18:44'),(185,'Temporibus aliquid exercitationem sapiente nihil.',5,77,'2024-05-28 14:18:44','2024-05-28 14:18:44','2024-05-28 14:18:44'),(186,'Veritatis rerum maxime accusantium placeat quidem quos.',5,77,'2024-05-28 14:18:44','2024-05-28 14:18:44','2024-05-28 14:18:44'),(187,'Sint dignissimos beatae temporibus reprehenderit officiis.',5,77,'2024-05-28 14:18:44','2024-05-28 14:18:44','2024-05-28 14:18:44'),(188,'Sit atque consequatur quaerat neque.',6,6,'2024-05-28 14:18:44','2024-05-28 14:18:44','2024-05-28 14:18:44'),(189,'Eveniet nemo inventore quia eligendi officia ut dolorem.',6,6,'2024-05-28 14:18:44','2024-05-28 14:18:44','2024-05-28 14:18:44'),(190,'Voluptas quasi eius ut ex.',6,6,'2024-05-28 14:18:44','2024-05-28 14:18:44','2024-05-28 14:18:44'),(191,'Distinctio vitae quis impedit ut et aut.',6,6,'2024-05-28 14:18:44','2024-05-28 14:18:44','2024-05-28 14:18:44'),(192,'Officiis nam consectetur placeat beatae repellendus.',6,6,'2024-05-28 14:18:44','2024-05-28 14:18:44','2024-05-28 14:18:44'),(193,'Eum molestiae ea sed rerum neque cumque aspernatur.',6,6,'2024-05-28 14:18:44','2024-05-28 14:18:44','2024-05-28 14:18:44'),(194,'Suscipit corporis earum voluptates ducimus non quaerat.',6,6,'2024-05-28 14:18:44','2024-05-28 14:18:44','2024-05-28 14:18:44'),(195,'Eligendi assumenda beatae consequatur quia et voluptates id praesentium.',6,6,'2024-05-28 14:18:44','2024-05-28 14:18:44','2024-05-28 14:18:44'),(196,'Modi qui cupiditate at quisquam explicabo quasi.',6,70,'2024-05-28 14:18:44','2024-05-28 14:18:44','2024-05-28 14:18:44'),(197,'Provident quibusdam repudiandae dolor fugiat sunt.',6,84,'2024-05-28 14:18:44','2024-05-28 14:18:44','2024-05-28 14:18:44'),(198,'Blanditiis iure laboriosam corporis.',7,3,'2024-05-28 14:18:44','2024-05-28 14:18:44','2024-05-28 14:18:44'),(199,'Aspernatur ipsam aut ratione aut deleniti atque numquam.',7,3,'2024-05-28 14:18:44','2024-05-28 14:18:44','2024-05-28 14:18:44'),(200,'Blanditiis laudantium voluptas ipsa beatae vel porro illum.',7,7,'2024-05-28 14:18:44','2024-05-28 14:18:44','2024-05-28 14:18:44'),(201,'Necessitatibus delectus voluptatum et recusandae accusantium qui.',7,7,'2024-05-28 14:18:44','2024-05-28 14:18:44','2024-05-28 14:18:44'),(202,'Cumque repudiandae quis consequuntur optio.',7,7,'2024-05-28 14:18:44','2024-05-28 14:18:44','2024-05-28 14:18:44'),(203,'Eum rerum consectetur enim.',7,7,'2024-05-28 14:18:44','2024-05-28 14:18:44','2024-05-28 14:18:44'),(204,'Voluptatibus non dolor molestiae et.',7,7,'2024-05-28 14:18:44','2024-05-28 14:18:44','2024-05-28 14:18:44'),(205,'Est molestiae nulla asperiores consequatur reiciendis occaecati corrupti.',7,7,'2024-05-28 14:18:44','2024-05-28 14:18:44','2024-05-28 14:18:44'),(206,'Doloribus dolorem cum asperiores dicta dolor eos quia.',7,8,'2024-05-28 14:18:44','2024-05-28 14:18:44','2024-05-28 14:18:44'),(207,'Et eveniet culpa ad.',7,8,'2024-05-28 14:18:44','2024-05-28 14:18:44','2024-05-28 14:18:44'),(208,'Est odio molestias consectetur autem voluptatem quaerat nam autem.',7,8,'2024-05-28 14:18:44','2024-05-28 14:18:44','2024-05-28 14:18:44'),(209,'Facilis non debitis ut consequatur qui non et.',7,8,'2024-05-28 14:18:44','2024-05-28 14:18:44','2024-05-28 14:18:44'),(210,'Aspernatur dolor assumenda perferendis minus eius.',7,19,'2024-05-28 14:18:44','2024-05-28 14:18:44','2024-05-28 14:18:44'),(211,'Ut quas nihil quae ab est dolores.',7,19,'2024-05-28 14:18:44','2024-05-28 14:18:44','2024-05-28 14:18:44'),(212,'Et voluptatem est molestiae.',7,19,'2024-05-28 14:18:44','2024-05-28 14:18:44','2024-05-28 14:18:44'),(213,'Optio incidunt inventore mollitia delectus recusandae autem numquam.',7,19,'2024-05-28 14:18:44','2024-05-28 14:18:44','2024-05-28 14:18:44'),(214,'Reiciendis dolorem dolorum consequatur vero consequatur non.',7,19,'2024-05-28 14:18:44','2024-05-28 14:18:44','2024-05-28 14:18:44'),(215,'Ipsa soluta autem consequuntur dolorem.',7,26,'2024-05-28 14:18:44','2024-05-28 14:18:44','2024-05-28 14:18:44'),(216,'Fugit voluptatibus eaque tempora consequatur incidunt error.',7,26,'2024-05-28 14:18:44','2024-05-28 14:18:44','2024-05-28 14:18:44'),(217,'Ea animi fuga et et.',7,26,'2024-05-28 14:18:44','2024-05-28 14:18:44','2024-05-28 14:18:44'),(218,'Dolor qui qui architecto ipsum error dolores.',7,26,'2024-05-28 14:18:44','2024-05-28 14:18:44','2024-05-28 14:18:44'),(219,'Nihil provident nesciunt temporibus sint ipsum aut exercitationem et.',7,26,'2024-05-28 14:18:44','2024-05-28 14:18:44','2024-05-28 14:18:44'),(220,'Fugit velit minus laborum amet dolores quidem.',7,26,'2024-05-28 14:18:44','2024-05-28 14:18:44','2024-05-28 14:18:44'),(221,'Labore sit aut est quos consequatur voluptas non.',7,26,'2024-05-28 14:18:44','2024-05-28 14:18:44','2024-05-28 14:18:44'),(222,'Sed explicabo incidunt voluptatem ratione.',7,27,'2024-05-28 14:18:44','2024-05-28 14:18:44','2024-05-28 14:18:44'),(223,'Voluptas temporibus eos ullam quaerat eaque aut excepturi.',7,27,'2024-05-28 14:18:44','2024-05-28 14:18:44','2024-05-28 14:18:44'),(224,'Eum voluptatem tempora accusantium quibusdam aut nihil eius.',7,27,'2024-05-28 14:18:44','2024-05-28 14:18:44','2024-05-28 14:18:44'),(225,'Porro accusamus ut temporibus quia accusantium hic quia.',7,46,'2024-05-28 14:18:44','2024-05-28 14:18:44','2024-05-28 14:18:44'),(226,'Sed laboriosam pariatur consequatur doloribus perferendis placeat reiciendis.',7,46,'2024-05-28 14:18:44','2024-05-28 14:18:44','2024-05-28 14:18:44'),(227,'Consequatur maxime maiores dolor vel.',7,46,'2024-05-28 14:18:44','2024-05-28 14:18:44','2024-05-28 14:18:44'),(228,'Ut repudiandae voluptatem consequatur aut.',7,47,'2024-05-28 14:18:44','2024-05-28 14:18:44','2024-05-28 14:18:44'),(229,'Et eos magni accusamus rem minima voluptate vero.',7,70,'2024-05-28 14:18:44','2024-05-28 14:18:44','2024-05-28 14:18:44'),(230,'Sint necessitatibus odit enim reprehenderit quod et.',7,70,'2024-05-28 14:18:44','2024-05-28 14:18:44','2024-05-28 14:18:44'),(231,'Alias consequatur est nemo ad quibusdam laboriosam ut.',7,78,'2024-05-28 14:18:44','2024-05-28 14:18:44','2024-05-28 14:18:44'),(232,'Quia magni eos animi voluptatem reprehenderit.',7,78,'2024-05-28 14:18:44','2024-05-28 14:18:44','2024-05-28 14:18:44'),(233,'Eius id suscipit enim cupiditate rem tempore temporibus.',7,78,'2024-05-28 14:18:44','2024-05-28 14:18:44','2024-05-28 14:18:44'),(234,'Nam eius vero minima autem quia doloremque.',7,78,'2024-05-28 14:18:44','2024-05-28 14:18:44','2024-05-28 14:18:44'),(235,'Qui deserunt dolores id quaerat voluptatibus cum similique ex.',7,88,'2024-05-28 14:18:44','2024-05-28 14:18:44','2024-05-28 14:18:44'),(236,'Minima voluptas et quibusdam nam.',7,88,'2024-05-28 14:18:44','2024-05-28 14:18:44','2024-05-28 14:18:44'),(237,'Sint veniam pariatur omnis dolores itaque quia.',7,97,'2024-05-28 14:18:44','2024-05-28 14:18:44','2024-05-28 14:18:44'),(238,'Molestiae rerum cum ea.',8,8,'2024-05-28 14:18:44','2024-05-28 14:18:44','2024-05-28 14:18:44'),(239,'Quidem velit cupiditate dolorem sed quia in nihil sunt.',8,8,'2024-05-28 14:18:44','2024-05-28 14:18:44','2024-05-28 14:18:44'),(240,'Consequatur dolore molestiae illum dolorem consequuntur facilis.',8,45,'2024-05-28 14:18:44','2024-05-28 14:18:44','2024-05-28 14:18:44'),(241,'Doloribus qui voluptatem porro et nisi saepe dignissimos.',8,52,'2024-05-28 14:18:44','2024-05-28 14:18:44','2024-05-28 14:18:44'),(242,'Inventore iste eligendi ratione autem dolor autem.',8,52,'2024-05-28 14:18:44','2024-05-28 14:18:44','2024-05-28 14:18:44'),(243,'Voluptatem natus officia velit.',8,66,'2024-05-28 14:18:44','2024-05-28 14:18:44','2024-05-28 14:18:44'),(244,'Quia ipsum quia ut vel consectetur.',8,66,'2024-05-28 14:18:44','2024-05-28 14:18:44','2024-05-28 14:18:44'),(245,'Enim unde dolor minus placeat sed laboriosam et.',8,66,'2024-05-28 14:18:44','2024-05-28 14:18:44','2024-05-28 14:18:44'),(246,'Fugit ut provident ut quas.',8,73,'2024-05-28 14:18:44','2024-05-28 14:18:44','2024-05-28 14:18:44'),(247,'Officiis possimus est aut.',8,73,'2024-05-28 14:18:44','2024-05-28 14:18:44','2024-05-28 14:18:44'),(248,'Molestias fuga eum consequuntur aut.',8,73,'2024-05-28 14:18:44','2024-05-28 14:18:44','2024-05-28 14:18:44'),(249,'Consequatur qui et quos dolor enim.',8,73,'2024-05-28 14:18:44','2024-05-28 14:18:44','2024-05-28 14:18:44'),(250,'Alias alias voluptates error nemo vero.',8,73,'2024-05-28 14:18:44','2024-05-28 14:18:44','2024-05-28 14:18:44'),(251,'Assumenda praesentium totam eveniet magnam expedita quasi.',8,73,'2024-05-28 14:18:44','2024-05-28 14:18:44','2024-05-28 14:18:44'),(252,'Possimus cumque soluta voluptatem et accusantium.',8,81,'2024-05-28 14:18:44','2024-05-28 14:18:44','2024-05-28 14:18:44'),(253,'Totam cumque ut beatae dolores possimus.',8,81,'2024-05-28 14:18:44','2024-05-28 14:18:44','2024-05-28 14:18:44'),(254,'Officiis neque commodi deleniti nobis sapiente sit.',8,81,'2024-05-28 14:18:44','2024-05-28 14:18:44','2024-05-28 14:18:44'),(255,'Nostrum voluptas corporis in adipisci assumenda error magni.',8,81,'2024-05-28 14:18:44','2024-05-28 14:18:44','2024-05-28 14:18:44'),(256,'Id consequuntur tempora tempora.',8,94,'2024-05-28 14:18:44','2024-05-28 14:18:44','2024-05-28 14:18:44'),(257,'Magnam velit cumque amet velit impedit enim.',8,94,'2024-05-28 14:18:44','2024-05-28 14:18:44','2024-05-28 14:18:44'),(258,'Rem praesentium sit doloremque quibusdam eaque sunt.',8,94,'2024-05-28 14:18:44','2024-05-28 14:18:44','2024-05-28 14:18:44'),(259,'Modi aut quasi consequuntur a odit.',9,79,'2024-05-28 14:18:44','2024-05-28 14:18:44','2024-05-28 14:18:44'),(260,'Ut nihil rem reiciendis dolorum quos.',9,79,'2024-05-28 14:18:44','2024-05-28 14:18:44','2024-05-28 14:18:44'),(261,'Qui ullam doloribus aperiam vero.',9,79,'2024-05-28 14:18:44','2024-05-28 14:18:44','2024-05-28 14:18:44'),(262,'Nesciunt animi a omnis et velit harum consequatur.',9,79,'2024-05-28 14:18:44','2024-05-28 14:18:44','2024-05-28 14:18:44'),(263,'Fuga quia doloribus nihil qui ab iure aut.',9,79,'2024-05-28 14:18:44','2024-05-28 14:18:44','2024-05-28 14:18:44'),(264,'Aut aperiam culpa laborum vitae sint rerum at.',9,79,'2024-05-28 14:18:44','2024-05-28 14:18:44','2024-05-28 14:18:44'),(265,'Aut quia et aliquam quas in.',10,10,'2024-05-28 14:18:44','2024-05-28 14:18:44','2024-05-28 14:18:44'),(266,'Qui dolores culpa officia.',10,10,'2024-05-28 14:18:44','2024-05-28 14:18:44','2024-05-28 14:18:44'),(267,'Ut dignissimos sunt quia itaque laborum commodi.',10,10,'2024-05-28 14:18:44','2024-05-28 14:18:44','2024-05-28 14:18:44'),(268,'Similique natus atque culpa sed libero earum excepturi.',10,10,'2024-05-28 14:18:44','2024-05-28 14:18:44','2024-05-28 14:18:44'),(269,'Voluptas adipisci soluta consequatur sunt dolores.',10,10,'2024-05-28 14:18:44','2024-05-28 14:18:44','2024-05-28 14:18:44'),(270,'Impedit possimus odit molestiae voluptas.',10,18,'2024-05-28 14:18:44','2024-05-28 14:18:44','2024-05-28 14:18:44'),(271,'Qui qui sit placeat nesciunt.',10,18,'2024-05-28 14:18:44','2024-05-28 14:18:44','2024-05-28 14:18:44'),(272,'Error corrupti accusantium adipisci placeat adipisci ducimus labore excepturi.',10,32,'2024-05-28 14:18:44','2024-05-28 14:18:44','2024-05-28 14:18:44'),(273,'Voluptatem itaque quae qui repudiandae.',10,32,'2024-05-28 14:18:44','2024-05-28 14:18:44','2024-05-28 14:18:44'),(274,'Cumque numquam eos occaecati facilis.',10,32,'2024-05-28 14:18:44','2024-05-28 14:18:44','2024-05-28 14:18:44'),(275,'Suscipit cum perferendis placeat qui.',10,38,'2024-05-28 14:18:44','2024-05-28 14:18:44','2024-05-28 14:18:44'),(276,'Magnam eveniet reprehenderit inventore fugit.',10,38,'2024-05-28 14:18:44','2024-05-28 14:18:44','2024-05-28 14:18:44'),(277,'Rerum cupiditate dolor id odit inventore eos ut facere.',10,38,'2024-05-28 14:18:44','2024-05-28 14:18:44','2024-05-28 14:18:44'),(278,'Similique distinctio quo explicabo aut eum suscipit.',10,73,'2024-05-28 14:18:44','2024-05-28 14:18:44','2024-05-28 14:18:44'),(279,'Et aut soluta sed laboriosam.',10,92,'2024-05-28 14:18:44','2024-05-28 14:18:44','2024-05-28 14:18:44'),(280,'Maiores voluptatem iure dolores cum reprehenderit iste velit.',10,92,'2024-05-28 14:18:44','2024-05-28 14:18:44','2024-05-28 14:18:44'),(281,'Aspernatur et et est dolores assumenda consequatur.',10,92,'2024-05-28 14:18:44','2024-05-28 14:18:44','2024-05-28 14:18:44'),(282,'Nemo voluptatibus possimus voluptas.',11,11,'2024-05-28 14:18:44','2024-05-28 14:18:44','2024-05-28 14:18:44'),(283,'Esse eius dicta est.',11,11,'2024-05-28 14:18:44','2024-05-28 14:18:44','2024-05-28 14:18:44'),(284,'Est distinctio nesciunt nihil unde illo accusamus.',11,13,'2024-05-28 14:18:44','2024-05-28 14:18:44','2024-05-28 14:18:44'),(285,'Odio voluptatem totam qui suscipit.',11,13,'2024-05-28 14:18:44','2024-05-28 14:18:44','2024-05-28 14:18:44'),(286,'Nobis rerum eos hic sint incidunt voluptatem repellat.',11,13,'2024-05-28 14:18:44','2024-05-28 14:18:44','2024-05-28 14:18:44'),(287,'Et nostrum fugiat vitae aspernatur vel.',11,13,'2024-05-28 14:18:44','2024-05-28 14:18:44','2024-05-28 14:18:44'),(288,'Autem et repudiandae assumenda in magnam quia.',11,34,'2024-05-28 14:18:44','2024-05-28 14:18:44','2024-05-28 14:18:44'),(289,'Aut doloribus dolores rerum.',11,34,'2024-05-28 14:18:44','2024-05-28 14:18:44','2024-05-28 14:18:44'),(290,'Et doloremque et et corporis minus qui.',11,34,'2024-05-28 14:18:44','2024-05-28 14:18:44','2024-05-28 14:18:44'),(291,'Soluta atque maiores omnis distinctio molestiae cum in aspernatur.',11,34,'2024-05-28 14:18:44','2024-05-28 14:18:44','2024-05-28 14:18:44'),(292,'Omnis minus voluptatem rerum ullam.',11,51,'2024-05-28 14:18:44','2024-05-28 14:18:44','2024-05-28 14:18:44'),(293,'Minus repudiandae et cupiditate ducimus.',11,51,'2024-05-28 14:18:44','2024-05-28 14:18:44','2024-05-28 14:18:44'),(294,'Sunt tempora fugiat libero et facere delectus repellat.',11,51,'2024-05-28 14:18:44','2024-05-28 14:18:44','2024-05-28 14:18:44'),(295,'Quidem et dolor alias voluptates accusantium.',11,51,'2024-05-28 14:18:44','2024-05-28 14:18:44','2024-05-28 14:18:44'),(296,'Non quia modi omnis id vel sunt sit.',11,51,'2024-05-28 14:18:44','2024-05-28 14:18:44','2024-05-28 14:18:44'),(297,'Voluptatem recusandae odio quia molestiae reprehenderit earum sapiente.',11,51,'2024-05-28 14:18:44','2024-05-28 14:18:44','2024-05-28 14:18:44'),(298,'Quis libero ea enim eligendi.',11,51,'2024-05-28 14:18:44','2024-05-28 14:18:44','2024-05-28 14:18:44'),(299,'Facilis id quam totam laborum error.',11,51,'2024-05-28 14:18:44','2024-05-28 14:18:44','2024-05-28 14:18:44'),(300,'Officia praesentium quia qui.',11,92,'2024-05-28 14:18:44','2024-05-28 14:18:44','2024-05-28 14:18:44'),(301,'Eveniet accusantium et deserunt voluptatem.',12,26,'2024-05-28 14:18:44','2024-05-28 14:18:44','2024-05-28 14:18:44'),(302,'Tempora quia commodi sapiente.',12,46,'2024-05-28 14:18:44','2024-05-28 14:18:44','2024-05-28 14:18:44'),(303,'Mollitia iusto voluptatem quia eius accusamus animi eligendi.',12,50,'2024-05-28 14:18:44','2024-05-28 14:18:44','2024-05-28 14:18:44'),(304,'Sit possimus voluptatum aliquid molestias qui optio exercitationem.',12,50,'2024-05-28 14:18:44','2024-05-28 14:18:44','2024-05-28 14:18:44'),(305,'Accusantium magni enim odio et modi ea.',12,50,'2024-05-28 14:18:44','2024-05-28 14:18:44','2024-05-28 14:18:44'),(306,'Omnis magni qui enim ut aut quibusdam.',12,50,'2024-05-28 14:18:44','2024-05-28 14:18:44','2024-05-28 14:18:44'),(307,'Fugiat et et rem delectus animi et.',12,50,'2024-05-28 14:18:44','2024-05-28 14:18:44','2024-05-28 14:18:44'),(308,'Alias inventore ut fugit autem iusto porro.',12,50,'2024-05-28 14:18:44','2024-05-28 14:18:44','2024-05-28 14:18:44'),(309,'Earum dolorem velit optio eum fuga.',12,57,'2024-05-28 14:18:44','2024-05-28 14:18:44','2024-05-28 14:18:44'),(310,'Quia eum in consequuntur earum quos.',12,57,'2024-05-28 14:18:44','2024-05-28 14:18:44','2024-05-28 14:18:44'),(311,'Unde vel eligendi vitae harum optio.',12,57,'2024-05-28 14:18:44','2024-05-28 14:18:44','2024-05-28 14:18:44'),(312,'Sequi aspernatur et itaque et rerum ipsum pariatur eius.',12,57,'2024-05-28 14:18:44','2024-05-28 14:18:44','2024-05-28 14:18:44'),(313,'Distinctio qui aut non quod.',12,57,'2024-05-28 14:18:44','2024-05-28 14:18:44','2024-05-28 14:18:44'),(314,'Eos vel consequuntur qui et minus officia.',12,57,'2024-05-28 14:18:44','2024-05-28 14:18:44','2024-05-28 14:18:44'),(315,'Quasi et cum nobis quidem pariatur aperiam culpa.',12,57,'2024-05-28 14:18:44','2024-05-28 14:18:44','2024-05-28 14:18:44'),(316,'Quo at assumenda maiores et quis ut numquam.',12,73,'2024-05-28 14:18:44','2024-05-28 14:18:44','2024-05-28 14:18:44'),(317,'Sunt minima occaecati provident nihil necessitatibus vitae quod.',12,84,'2024-05-28 14:18:44','2024-05-28 14:18:44','2024-05-28 14:18:44'),(318,'Voluptatibus consequatur neque sit sunt fuga nesciunt.',12,96,'2024-05-28 14:18:44','2024-05-28 14:18:44','2024-05-28 14:18:44'),(319,'Veniam id harum quibusdam quasi.',12,96,'2024-05-28 14:18:44','2024-05-28 14:18:44','2024-05-28 14:18:44'),(320,'Libero consequuntur quia excepturi ut ut aut qui.',12,96,'2024-05-28 14:18:44','2024-05-28 14:18:44','2024-05-28 14:18:44'),(321,'Est qui eligendi voluptate voluptatem nesciunt porro nostrum.',12,96,'2024-05-28 14:18:44','2024-05-28 14:18:44','2024-05-28 14:18:44'),(322,'Voluptates amet recusandae rerum suscipit sed illo ducimus.',12,96,'2024-05-28 14:18:44','2024-05-28 14:18:44','2024-05-28 14:18:44'),(323,'Ex ut magnam unde.',12,96,'2024-05-28 14:18:44','2024-05-28 14:18:44','2024-05-28 14:18:44'),(324,'Consequuntur aut quisquam deleniti qui.',13,10,'2024-05-28 14:18:44','2024-05-28 14:18:44','2024-05-28 14:18:44'),(325,'Voluptas aut fugit eos omnis voluptas et.',13,10,'2024-05-28 14:18:44','2024-05-28 14:18:44','2024-05-28 14:18:44'),(326,'Non ut quia repellat dignissimos cumque voluptatum voluptas.',13,10,'2024-05-28 14:18:44','2024-05-28 14:18:44','2024-05-28 14:18:44'),(327,'Illum laudantium sit quae.',13,13,'2024-05-28 14:18:44','2024-05-28 14:18:44','2024-05-28 14:18:44'),(328,'Eligendi quibusdam fuga enim tempore dolor.',13,13,'2024-05-28 14:18:44','2024-05-28 14:18:44','2024-05-28 14:18:44'),(329,'Veniam culpa iste qui saepe ut vero dignissimos dolores.',13,40,'2024-05-28 14:18:44','2024-05-28 14:18:44','2024-05-28 14:18:44'),(330,'Rerum repellendus sit cupiditate incidunt iure in.',13,70,'2024-05-28 14:18:44','2024-05-28 14:18:44','2024-05-28 14:18:44'),(331,'Cum qui et aspernatur rerum eum.',13,70,'2024-05-28 14:18:44','2024-05-28 14:18:44','2024-05-28 14:18:44'),(332,'Ullam asperiores veniam modi cupiditate.',13,70,'2024-05-28 14:18:44','2024-05-28 14:18:44','2024-05-28 14:18:44'),(333,'Deserunt ab eum nemo vero nihil sed consequuntur.',13,70,'2024-05-28 14:18:44','2024-05-28 14:18:44','2024-05-28 14:18:44'),(334,'Doloribus neque officia sapiente.',13,70,'2024-05-28 14:18:44','2024-05-28 14:18:44','2024-05-28 14:18:44'),(335,'Velit aliquid enim aut.',14,14,'2024-05-28 14:18:44','2024-05-28 14:18:44','2024-05-28 14:18:44'),(336,'Laudantium qui veritatis possimus excepturi autem quo ex.',14,17,'2024-05-28 14:18:44','2024-05-28 14:18:44','2024-05-28 14:18:44'),(337,'Eos provident omnis unde molestiae.',14,17,'2024-05-28 14:18:44','2024-05-28 14:18:44','2024-05-28 14:18:44'),(338,'Nisi quidem eius iure eum omnis et molestiae.',14,17,'2024-05-28 14:18:44','2024-05-28 14:18:44','2024-05-28 14:18:44'),(339,'Qui est fugiat id accusantium qui ipsum.',14,17,'2024-05-28 14:18:44','2024-05-28 14:18:44','2024-05-28 14:18:44'),(340,'Rem omnis quas dolores voluptas voluptas.',14,17,'2024-05-28 14:18:44','2024-05-28 14:18:44','2024-05-28 14:18:44'),(341,'Voluptas doloremque saepe dolorum a blanditiis.',14,62,'2024-05-28 14:18:44','2024-05-28 14:18:44','2024-05-28 14:18:44'),(342,'Ratione saepe porro necessitatibus omnis.',14,67,'2024-05-28 14:18:44','2024-05-28 14:18:44','2024-05-28 14:18:44'),(343,'Harum sequi dignissimos assumenda quis est occaecati a.',14,67,'2024-05-28 14:18:44','2024-05-28 14:18:44','2024-05-28 14:18:44'),(344,'Sint quas dolor rerum consequatur molestiae sit ullam.',14,67,'2024-05-28 14:18:44','2024-05-28 14:18:44','2024-05-28 14:18:44'),(345,'Repellat omnis deserunt maxime voluptatem dolorum corporis.',14,100,'2024-05-28 14:18:44','2024-05-28 14:18:44','2024-05-28 14:18:44'),(346,'Quis nihil adipisci numquam libero eligendi quam modi consequatur.',14,100,'2024-05-28 14:18:44','2024-05-28 14:18:44','2024-05-28 14:18:44'),(347,'Impedit beatae quis cumque rem quas.',14,100,'2024-05-28 14:18:44','2024-05-28 14:18:44','2024-05-28 14:18:44'),(348,'Sunt rem hic ut eius magnam.',14,100,'2024-05-28 14:18:44','2024-05-28 14:18:44','2024-05-28 14:18:44'),(349,'At nobis minima aut.',14,100,'2024-05-28 14:18:44','2024-05-28 14:18:44','2024-05-28 14:18:44'),(350,'Eligendi vel enim animi voluptas tempora.',15,15,'2024-05-28 14:18:44','2024-05-28 14:18:44','2024-05-28 14:18:44'),(351,'Sed ex minus omnis in omnis.',15,15,'2024-05-28 14:18:44','2024-05-28 14:18:44','2024-05-28 14:18:44'),(352,'Et non adipisci libero enim et dicta in.',15,15,'2024-05-28 14:18:44','2024-05-28 14:18:44','2024-05-28 14:18:44'),(353,'Nobis voluptate quisquam excepturi consequatur aut magni atque.',15,15,'2024-05-28 14:18:44','2024-05-28 14:18:44','2024-05-28 14:18:44'),(354,'Vitae id accusamus necessitatibus esse dolores excepturi illum.',15,15,'2024-05-28 14:18:44','2024-05-28 14:18:44','2024-05-28 14:18:44'),(355,'Cumque consequatur cumque sit nostrum.',15,15,'2024-05-28 14:18:44','2024-05-28 14:18:44','2024-05-28 14:18:44'),(356,'Natus debitis voluptas veritatis aut esse eos.',15,15,'2024-05-28 14:18:44','2024-05-28 14:18:44','2024-05-28 14:18:44'),(357,'Modi sequi veritatis ut porro eum harum.',15,15,'2024-05-28 14:18:44','2024-05-28 14:18:44','2024-05-28 14:18:44'),(358,'Voluptatem tempora non et quo.',15,21,'2024-05-28 14:18:44','2024-05-28 14:18:44','2024-05-28 14:18:44'),(359,'Et voluptatem doloribus eaque quo.',15,21,'2024-05-28 14:18:44','2024-05-28 14:18:44','2024-05-28 14:18:44'),(360,'Voluptatem reprehenderit reiciendis tenetur perspiciatis quia.',15,21,'2024-05-28 14:18:44','2024-05-28 14:18:44','2024-05-28 14:18:44'),(361,'Iste et ex eum eius eos doloremque quia.',15,97,'2024-05-28 14:18:44','2024-05-28 14:18:44','2024-05-28 14:18:44'),(362,'Ipsum consequatur quia eius possimus excepturi aspernatur.',16,16,'2024-05-28 14:18:44','2024-05-28 14:18:44','2024-05-28 14:18:44'),(363,'Voluptatem asperiores molestiae eaque dolor ab cupiditate.',16,16,'2024-05-28 14:18:44','2024-05-28 14:18:44','2024-05-28 14:18:44'),(364,'Quidem veritatis temporibus numquam facere sed reiciendis aspernatur.',16,16,'2024-05-28 14:18:44','2024-05-28 14:18:44','2024-05-28 14:18:44'),(365,'Qui officia assumenda neque vel corrupti dolores maiores dolores.',16,16,'2024-05-28 14:18:44','2024-05-28 14:18:44','2024-05-28 14:18:44'),(366,'Natus voluptatem velit maxime dolorem error recusandae voluptatem.',16,16,'2024-05-28 14:18:44','2024-05-28 14:18:44','2024-05-28 14:18:44'),(367,'Consequatur atque rerum nihil.',16,28,'2024-05-28 14:18:44','2024-05-28 14:18:44','2024-05-28 14:18:44'),(368,'Et odio dolores possimus.',16,28,'2024-05-28 14:18:44','2024-05-28 14:18:44','2024-05-28 14:18:44'),(369,'Asperiores labore praesentium et possimus.',16,28,'2024-05-28 14:18:44','2024-05-28 14:18:44','2024-05-28 14:18:44'),(370,'Veritatis neque numquam molestiae occaecati voluptas enim rerum.',16,28,'2024-05-28 14:18:44','2024-05-28 14:18:44','2024-05-28 14:18:44'),(371,'Quis labore perspiciatis omnis quae minima dicta.',16,28,'2024-05-28 14:18:44','2024-05-28 14:18:44','2024-05-28 14:18:44'),(372,'Possimus qui fugiat sit ullam similique autem totam quia.',16,28,'2024-05-28 14:18:44','2024-05-28 14:18:44','2024-05-28 14:18:44'),(373,'Nostrum dolorum ut id.',16,28,'2024-05-28 14:18:44','2024-05-28 14:18:44','2024-05-28 14:18:44'),(374,'Explicabo suscipit pariatur dignissimos totam numquam.',16,35,'2024-05-28 14:18:44','2024-05-28 14:18:44','2024-05-28 14:18:44'),(375,'Atque non ut voluptas voluptas quis sed.',16,35,'2024-05-28 14:18:44','2024-05-28 14:18:44','2024-05-28 14:18:44'),(376,'Aperiam ducimus aut error nam numquam blanditiis nesciunt minus.',16,35,'2024-05-28 14:18:44','2024-05-28 14:18:44','2024-05-28 14:18:44'),(377,'Nihil adipisci exercitationem reprehenderit ut tempora eos et iure.',16,35,'2024-05-28 14:18:44','2024-05-28 14:18:44','2024-05-28 14:18:44'),(378,'Exercitationem aliquam ex ex labore temporibus molestiae.',16,35,'2024-05-28 14:18:44','2024-05-28 14:18:44','2024-05-28 14:18:44'),(379,'Qui explicabo est deserunt laborum ut sint praesentium.',16,35,'2024-05-28 14:18:44','2024-05-28 14:18:44','2024-05-28 14:18:44'),(380,'Eius sit quae architecto illo qui placeat.',17,17,'2024-05-28 14:18:44','2024-05-28 14:18:44','2024-05-28 14:18:44'),(381,'Deserunt recusandae odit quia veniam et.',17,17,'2024-05-28 14:18:44','2024-05-28 14:18:44','2024-05-28 14:18:44'),(382,'Sed quis saepe velit sed officiis dolor.',17,17,'2024-05-28 14:18:44','2024-05-28 14:18:44','2024-05-28 14:18:44'),(383,'Vero minus eos qui vel repellendus quasi.',17,19,'2024-05-28 14:18:44','2024-05-28 14:18:44','2024-05-28 14:18:44'),(384,'Quos est est voluptatem ea aut quo.',17,34,'2024-05-28 14:18:44','2024-05-28 14:18:44','2024-05-28 14:18:44'),(385,'Velit quo et asperiores in quaerat eum.',17,34,'2024-05-28 14:18:44','2024-05-28 14:18:44','2024-05-28 14:18:44'),(386,'Provident neque ducimus ut debitis.',17,34,'2024-05-28 14:18:44','2024-05-28 14:18:44','2024-05-28 14:18:44'),(387,'Quia dolor enim sint quia id et.',17,38,'2024-05-28 14:18:44','2024-05-28 14:18:44','2024-05-28 14:18:44'),(388,'Perferendis non beatae dolores dicta earum soluta quas.',17,83,'2024-05-28 14:18:44','2024-05-28 14:18:44','2024-05-28 14:18:44'),(389,'Magni vel rerum ex rerum.',17,83,'2024-05-28 14:18:44','2024-05-28 14:18:44','2024-05-28 14:18:44'),(390,'Similique hic cum nihil qui fugiat.',17,83,'2024-05-28 14:18:44','2024-05-28 14:18:44','2024-05-28 14:18:44'),(391,'Unde quia et in nostrum adipisci.',17,83,'2024-05-28 14:18:44','2024-05-28 14:18:44','2024-05-28 14:18:44'),(392,'Ea quo nemo vel similique quaerat.',17,83,'2024-05-28 14:18:44','2024-05-28 14:18:44','2024-05-28 14:18:44'),(393,'Qui sit quia enim laborum totam.',17,83,'2024-05-28 14:18:44','2024-05-28 14:18:44','2024-05-28 14:18:44'),(394,'Nam minima non quae dolor ut.',17,83,'2024-05-28 14:18:44','2024-05-28 14:18:44','2024-05-28 14:18:44'),(395,'Exercitationem saepe illum cum dolore ut eos porro non.',18,18,'2024-05-28 14:18:44','2024-05-28 14:18:44','2024-05-28 14:18:44'),(396,'At pariatur enim exercitationem officiis.',18,18,'2024-05-28 14:18:44','2024-05-28 14:18:44','2024-05-28 14:18:44'),(397,'Architecto quia explicabo expedita necessitatibus at.',18,29,'2024-05-28 14:18:44','2024-05-28 14:18:44','2024-05-28 14:18:44'),(398,'Facere sit odit illum non a commodi.',18,34,'2024-05-28 14:18:44','2024-05-28 14:18:44','2024-05-28 14:18:44'),(399,'Dolor tenetur sed ipsum et.',18,47,'2024-05-28 14:18:44','2024-05-28 14:18:44','2024-05-28 14:18:44'),(400,'Dolor temporibus modi quis voluptates quia ea.',18,47,'2024-05-28 14:18:44','2024-05-28 14:18:44','2024-05-28 14:18:44'),(401,'Vel quia veritatis voluptatum esse earum.',18,47,'2024-05-28 14:18:44','2024-05-28 14:18:44','2024-05-28 14:18:44'),(402,'Totam ullam fuga est illo.',18,47,'2024-05-28 14:18:44','2024-05-28 14:18:44','2024-05-28 14:18:44'),(403,'Quia quidem id earum unde error voluptas.',18,61,'2024-05-28 14:18:44','2024-05-28 14:18:44','2024-05-28 14:18:44'),(404,'Nihil quam nam laudantium quas distinctio.',18,61,'2024-05-28 14:18:44','2024-05-28 14:18:44','2024-05-28 14:18:44'),(405,'Inventore incidunt eos perferendis ut nihil incidunt expedita.',18,61,'2024-05-28 14:18:44','2024-05-28 14:18:44','2024-05-28 14:18:44'),(406,'Repellat aut facilis ratione eius sunt facilis.',18,72,'2024-05-28 14:18:45','2024-05-28 14:18:45','2024-05-28 14:18:45'),(407,'Molestias quia non eos.',18,96,'2024-05-28 14:18:45','2024-05-28 14:18:45','2024-05-28 14:18:45'),(408,'Consequatur dicta doloribus ad veniam voluptate.',19,19,'2024-05-28 14:18:45','2024-05-28 14:18:45','2024-05-28 14:18:45'),(409,'Quibusdam rem quis inventore id incidunt quo.',19,19,'2024-05-28 14:18:45','2024-05-28 14:18:45','2024-05-28 14:18:45'),(410,'Ut commodi in veritatis consectetur dolor nihil.',19,20,'2024-05-28 14:18:45','2024-05-28 14:18:45','2024-05-28 14:18:45'),(411,'Quos accusantium quia voluptas ut reprehenderit illum corrupti.',19,20,'2024-05-28 14:18:45','2024-05-28 14:18:45','2024-05-28 14:18:45'),(412,'Praesentium aliquid consequatur recusandae sapiente.',19,20,'2024-05-28 14:18:45','2024-05-28 14:18:45','2024-05-28 14:18:45'),(413,'Ut totam ratione neque quisquam beatae.',19,20,'2024-05-28 14:18:45','2024-05-28 14:18:45','2024-05-28 14:18:45'),(414,'Reprehenderit quis nisi sint est id consectetur.',19,29,'2024-05-28 14:18:45','2024-05-28 14:18:45','2024-05-28 14:18:45'),(415,'Magnam et nobis maiores cum sed vero.',19,29,'2024-05-28 14:18:45','2024-05-28 14:18:45','2024-05-28 14:18:45'),(416,'Commodi assumenda quo quo.',19,29,'2024-05-28 14:18:45','2024-05-28 14:18:45','2024-05-28 14:18:45'),(417,'Voluptatum quia neque et repellendus voluptatem similique.',19,38,'2024-05-28 14:18:45','2024-05-28 14:18:45','2024-05-28 14:18:45'),(418,'Soluta velit accusamus aut fugit voluptatem quas et.',19,55,'2024-05-28 14:18:45','2024-05-28 14:18:45','2024-05-28 14:18:45'),(419,'Doloribus cum illo est beatae sed.',19,65,'2024-05-28 14:18:45','2024-05-28 14:18:45','2024-05-28 14:18:45'),(420,'Vitae aut totam sequi optio iusto.',19,82,'2024-05-28 14:18:45','2024-05-28 14:18:45','2024-05-28 14:18:45'),(421,'Illo eius tenetur velit rerum.',19,82,'2024-05-28 14:18:45','2024-05-28 14:18:45','2024-05-28 14:18:45'),(422,'Fugit asperiores aperiam quia consequatur dignissimos iure.',19,82,'2024-05-28 14:18:45','2024-05-28 14:18:45','2024-05-28 14:18:45'),(423,'Voluptates corporis molestiae illum ipsam placeat qui.',19,82,'2024-05-28 14:18:45','2024-05-28 14:18:45','2024-05-28 14:18:45'),(424,'Odit necessitatibus et sed dolores.',19,82,'2024-05-28 14:18:45','2024-05-28 14:18:45','2024-05-28 14:18:45'),(425,'Qui et omnis veniam.',20,14,'2024-05-28 14:18:45','2024-05-28 14:18:45','2024-05-28 14:18:45'),(426,'Dolorem repellendus alias praesentium sequi.',20,20,'2024-05-28 14:18:45','2024-05-28 14:18:45','2024-05-28 14:18:45'),(427,'Dolorem dolor labore mollitia mollitia esse.',20,38,'2024-05-28 14:18:45','2024-05-28 14:18:45','2024-05-28 14:18:45'),(428,'Nemo eveniet rerum reiciendis mollitia.',20,45,'2024-05-28 14:18:45','2024-05-28 14:18:45','2024-05-28 14:18:45'),(429,'Voluptas et eos architecto officia occaecati mollitia quia nesciunt.',20,75,'2024-05-28 14:18:45','2024-05-28 14:18:45','2024-05-28 14:18:45'),(430,'Iste voluptatem eos vitae minus.',20,75,'2024-05-28 14:18:45','2024-05-28 14:18:45','2024-05-28 14:18:45'),(431,'Est adipisci sed qui qui.',20,75,'2024-05-28 14:18:45','2024-05-28 14:18:45','2024-05-28 14:18:45'),(432,'Distinctio iusto modi vel.',20,75,'2024-05-28 14:18:45','2024-05-28 14:18:45','2024-05-28 14:18:45'),(433,'Sapiente assumenda totam fugit autem consequatur eum voluptate nam.',21,5,'2024-05-28 14:18:45','2024-05-28 14:18:45','2024-05-28 14:18:45'),(434,'Quaerat et nisi consequuntur molestias fugiat dolor.',21,16,'2024-05-28 14:18:45','2024-05-28 14:18:45','2024-05-28 14:18:45'),(435,'Qui libero tempora accusamus tempora non consequatur quo.',21,21,'2024-05-28 14:18:45','2024-05-28 14:18:45','2024-05-28 14:18:45'),(436,'Facilis quo tenetur commodi beatae similique.',21,21,'2024-05-28 14:18:45','2024-05-28 14:18:45','2024-05-28 14:18:45'),(437,'Voluptates sint dolor molestiae.',21,21,'2024-05-28 14:18:45','2024-05-28 14:18:45','2024-05-28 14:18:45'),(438,'Odio ut vero sunt incidunt repudiandae nesciunt eum.',21,60,'2024-05-28 14:18:45','2024-05-28 14:18:45','2024-05-28 14:18:45'),(439,'Fuga illo autem dolor laborum harum aut.',21,60,'2024-05-28 14:18:45','2024-05-28 14:18:45','2024-05-28 14:18:45'),(440,'Sint est distinctio vel porro ex deleniti.',21,60,'2024-05-28 14:18:45','2024-05-28 14:18:45','2024-05-28 14:18:45'),(441,'Est autem eligendi officiis.',21,60,'2024-05-28 14:18:45','2024-05-28 14:18:45','2024-05-28 14:18:45'),(442,'Dolor distinctio assumenda occaecati sit aut fugit aut.',21,60,'2024-05-28 14:18:45','2024-05-28 14:18:45','2024-05-28 14:18:45'),(443,'Quia maxime dolorum tempora.',21,60,'2024-05-28 14:18:45','2024-05-28 14:18:45','2024-05-28 14:18:45'),(444,'Ipsum quidem voluptatem nostrum quia harum temporibus quis.',21,81,'2024-05-28 14:18:45','2024-05-28 14:18:45','2024-05-28 14:18:45'),(445,'Neque cupiditate quidem soluta beatae dolores.',21,81,'2024-05-28 14:18:45','2024-05-28 14:18:45','2024-05-28 14:18:45'),(446,'Occaecati quo ut ullam vel nesciunt aut tenetur.',22,22,'2024-05-28 14:18:45','2024-05-28 14:18:45','2024-05-28 14:18:45'),(447,'Exercitationem porro unde nihil rerum ipsam optio sit.',22,22,'2024-05-28 14:18:45','2024-05-28 14:18:45','2024-05-28 14:18:45'),(448,'Temporibus asperiores delectus dolor quidem error quod.',22,22,'2024-05-28 14:18:45','2024-05-28 14:18:45','2024-05-28 14:18:45'),(449,'Minima et reiciendis sequi.',22,22,'2024-05-28 14:18:45','2024-05-28 14:18:45','2024-05-28 14:18:45'),(450,'Fugit dicta non accusantium et sed omnis nostrum quaerat.',22,22,'2024-05-28 14:18:45','2024-05-28 14:18:45','2024-05-28 14:18:45'),(451,'Quis aut quia non blanditiis.',22,22,'2024-05-28 14:18:45','2024-05-28 14:18:45','2024-05-28 14:18:45'),(452,'Accusantium quo rerum doloribus itaque.',22,22,'2024-05-28 14:18:45','2024-05-28 14:18:45','2024-05-28 14:18:45'),(453,'Rem quia ut doloribus minus veritatis.',22,22,'2024-05-28 14:18:45','2024-05-28 14:18:45','2024-05-28 14:18:45'),(454,'Quaerat omnis autem laboriosam ipsam dolorem velit officia velit.',22,24,'2024-05-28 14:18:45','2024-05-28 14:18:45','2024-05-28 14:18:45'),(455,'Officiis odio vero eligendi aut fugit officiis ad sint.',22,24,'2024-05-28 14:18:45','2024-05-28 14:18:45','2024-05-28 14:18:45'),(456,'Dicta ea quia natus pariatur dolorum enim error possimus.',22,24,'2024-05-28 14:18:45','2024-05-28 14:18:45','2024-05-28 14:18:45'),(457,'Commodi natus inventore et odio iusto.',22,24,'2024-05-28 14:18:45','2024-05-28 14:18:45','2024-05-28 14:18:45'),(458,'Dolore voluptatibus iusto commodi eaque minus est.',22,24,'2024-05-28 14:18:45','2024-05-28 14:18:45','2024-05-28 14:18:45'),(459,'Qui rerum libero maiores deserunt illum qui quo est.',22,24,'2024-05-28 14:18:45','2024-05-28 14:18:45','2024-05-28 14:18:45'),(460,'Exercitationem sunt repudiandae suscipit qui debitis quasi quod.',22,36,'2024-05-28 14:18:45','2024-05-28 14:18:45','2024-05-28 14:18:45'),(461,'Assumenda necessitatibus ipsam sit voluptatem cumque illum iure.',22,36,'2024-05-28 14:18:45','2024-05-28 14:18:45','2024-05-28 14:18:45'),(462,'Tenetur repellat alias perferendis magnam.',22,44,'2024-05-28 14:18:45','2024-05-28 14:18:45','2024-05-28 14:18:45'),(463,'Omnis ab et laboriosam quas iusto.',22,44,'2024-05-28 14:18:45','2024-05-28 14:18:45','2024-05-28 14:18:45'),(464,'At fugit omnis qui facere quo in.',22,79,'2024-05-28 14:18:45','2024-05-28 14:18:45','2024-05-28 14:18:45'),(465,'Eaque cupiditate sint repellendus ullam temporibus ex.',22,93,'2024-05-28 14:18:45','2024-05-28 14:18:45','2024-05-28 14:18:45'),(466,'Ipsa voluptatem deleniti voluptatem ea qui dolor voluptatem.',22,93,'2024-05-28 14:18:45','2024-05-28 14:18:45','2024-05-28 14:18:45'),(467,'Cumque adipisci eum consequatur aliquam deleniti sit et.',22,93,'2024-05-28 14:18:45','2024-05-28 14:18:45','2024-05-28 14:18:45'),(468,'Sed voluptas explicabo cumque voluptas sit.',22,93,'2024-05-28 14:18:45','2024-05-28 14:18:45','2024-05-28 14:18:45'),(469,'Ipsa repudiandae quas laudantium eius accusantium quis ut.',22,93,'2024-05-28 14:18:45','2024-05-28 14:18:45','2024-05-28 14:18:45'),(470,'Cupiditate libero quae libero hic minus.',22,94,'2024-05-28 14:18:45','2024-05-28 14:18:45','2024-05-28 14:18:45'),(471,'Repellat est ex aut saepe pariatur vero officiis.',22,94,'2024-05-28 14:18:45','2024-05-28 14:18:45','2024-05-28 14:18:45'),(472,'Ut debitis ut voluptatibus sunt suscipit.',23,16,'2024-05-28 14:18:45','2024-05-28 14:18:45','2024-05-28 14:18:45'),(473,'Molestiae autem laboriosam nam quaerat non est.',23,16,'2024-05-28 14:18:45','2024-05-28 14:18:45','2024-05-28 14:18:45'),(474,'Architecto incidunt hic eum fugit nulla sed.',23,23,'2024-05-28 14:18:45','2024-05-28 14:18:45','2024-05-28 14:18:45'),(475,'Doloribus corrupti sit ab eius dolores a delectus.',23,23,'2024-05-28 14:18:45','2024-05-28 14:18:45','2024-05-28 14:18:45'),(476,'Dolorem omnis animi omnis impedit vel reprehenderit.',23,23,'2024-05-28 14:18:45','2024-05-28 14:18:45','2024-05-28 14:18:45'),(477,'Quae ut fugiat dolor saepe est minima et.',23,23,'2024-05-28 14:18:45','2024-05-28 14:18:45','2024-05-28 14:18:45'),(478,'Sit voluptas adipisci fuga autem quos.',23,23,'2024-05-28 14:18:45','2024-05-28 14:18:45','2024-05-28 14:18:45'),(479,'Ut occaecati iure et sequi et.',23,23,'2024-05-28 14:18:45','2024-05-28 14:18:45','2024-05-28 14:18:45'),(480,'Eaque perferendis quia id quia at fugiat.',23,72,'2024-05-28 14:18:45','2024-05-28 14:18:45','2024-05-28 14:18:45'),(481,'Aut voluptates non sapiente.',23,72,'2024-05-28 14:18:45','2024-05-28 14:18:45','2024-05-28 14:18:45'),(482,'Natus voluptatem veritatis qui.',23,72,'2024-05-28 14:18:45','2024-05-28 14:18:45','2024-05-28 14:18:45'),(483,'Laboriosam sed voluptatem aut occaecati tempore.',24,3,'2024-05-28 14:18:45','2024-05-28 14:18:45','2024-05-28 14:18:45'),(484,'Deserunt qui excepturi provident quae.',24,24,'2024-05-28 14:18:45','2024-05-28 14:18:45','2024-05-28 14:18:45'),(485,'Molestiae odit sit eius dolores.',24,24,'2024-05-28 14:18:45','2024-05-28 14:18:45','2024-05-28 14:18:45'),(486,'Officiis doloribus eos odio molestiae maxime quas iusto itaque.',24,33,'2024-05-28 14:18:45','2024-05-28 14:18:45','2024-05-28 14:18:45'),(487,'Occaecati dolor id repellendus rerum.',24,33,'2024-05-28 14:18:45','2024-05-28 14:18:45','2024-05-28 14:18:45'),(488,'Repudiandae atque hic reiciendis.',24,33,'2024-05-28 14:18:45','2024-05-28 14:18:45','2024-05-28 14:18:45'),(489,'Cupiditate non porro necessitatibus fugiat qui numquam.',24,33,'2024-05-28 14:18:45','2024-05-28 14:18:45','2024-05-28 14:18:45'),(490,'Facilis rerum adipisci corrupti sit quidem rem corrupti alias.',24,33,'2024-05-28 14:18:45','2024-05-28 14:18:45','2024-05-28 14:18:45'),(491,'Tempore ex occaecati soluta iusto.',24,52,'2024-05-28 14:18:45','2024-05-28 14:18:45','2024-05-28 14:18:45'),(492,'Consequatur veritatis reprehenderit perspiciatis quia ipsum ullam.',24,52,'2024-05-28 14:18:45','2024-05-28 14:18:45','2024-05-28 14:18:45'),(493,'Officia laudantium est quam cumque.',24,65,'2024-05-28 14:18:45','2024-05-28 14:18:45','2024-05-28 14:18:45'),(494,'Facere autem asperiores quia temporibus voluptatibus autem a.',24,65,'2024-05-28 14:18:45','2024-05-28 14:18:45','2024-05-28 14:18:45'),(495,'Provident sunt sint unde ab.',24,100,'2024-05-28 14:18:45','2024-05-28 14:18:45','2024-05-28 14:18:45'),(496,'Vero saepe tempora dicta impedit.',24,100,'2024-05-28 14:18:45','2024-05-28 14:18:45','2024-05-28 14:18:45'),(497,'Deleniti iusto saepe in sit enim sed.',24,100,'2024-05-28 14:18:45','2024-05-28 14:18:45','2024-05-28 14:18:45'),(498,'Et officiis dolore nostrum consequatur at aliquam.',25,13,'2024-05-28 14:18:45','2024-05-28 14:18:45','2024-05-28 14:18:45'),(499,'Maxime omnis nobis sunt quia eveniet non ut.',25,13,'2024-05-28 14:18:45','2024-05-28 14:18:45','2024-05-28 14:18:45'),(500,'Maxime autem necessitatibus minus omnis rerum alias.',25,18,'2024-05-28 14:18:45','2024-05-28 14:18:45','2024-05-28 14:18:45'),(501,'Consequatur aut ut accusantium quia vero doloremque.',25,18,'2024-05-28 14:18:45','2024-05-28 14:18:45','2024-05-28 14:18:45'),(502,'Non temporibus molestiae exercitationem facere aliquid veniam qui omnis.',25,18,'2024-05-28 14:18:45','2024-05-28 14:18:45','2024-05-28 14:18:45'),(503,'Ea ipsam tempora veniam sed.',25,18,'2024-05-28 14:18:45','2024-05-28 14:18:45','2024-05-28 14:18:45'),(504,'Quo in perspiciatis optio sed quisquam et.',25,44,'2024-05-28 14:18:45','2024-05-28 14:18:45','2024-05-28 14:18:45'),(505,'Quibusdam totam voluptatem commodi eaque.',25,44,'2024-05-28 14:18:45','2024-05-28 14:18:45','2024-05-28 14:18:45'),(506,'Et aliquid ut ad officia omnis omnis dolor quia.',25,44,'2024-05-28 14:18:45','2024-05-28 14:18:45','2024-05-28 14:18:45'),(507,'Maiores voluptate asperiores et suscipit quia dolorem.',25,44,'2024-05-28 14:18:45','2024-05-28 14:18:45','2024-05-28 14:18:45'),(508,'Dolorem non consequatur deleniti consequuntur inventore.',25,44,'2024-05-28 14:18:45','2024-05-28 14:18:45','2024-05-28 14:18:45'),(509,'Dolores quia aut consectetur eum dolorum quis quis laborum.',25,56,'2024-05-28 14:18:45','2024-05-28 14:18:45','2024-05-28 14:18:45'),(510,'Et quibusdam molestias quia quo cumque.',25,82,'2024-05-28 14:18:45','2024-05-28 14:18:45','2024-05-28 14:18:45'),(511,'Inventore aut et error vel.',25,82,'2024-05-28 14:18:45','2024-05-28 14:18:45','2024-05-28 14:18:45'),(512,'Sequi iure omnis officia aut aspernatur nulla.',25,94,'2024-05-28 14:18:45','2024-05-28 14:18:45','2024-05-28 14:18:45'),(513,'Dolore suscipit reiciendis illum illo et.',25,94,'2024-05-28 14:18:45','2024-05-28 14:18:45','2024-05-28 14:18:45'),(514,'Rerum quae sit nisi culpa exercitationem distinctio mollitia.',26,47,'2024-05-28 14:18:45','2024-05-28 14:18:45','2024-05-28 14:18:45'),(515,'Nulla sint porro facere aut aperiam voluptatem.',26,96,'2024-05-28 14:18:45','2024-05-28 14:18:45','2024-05-28 14:18:45'),(516,'Qui nihil nam error fugiat.',27,4,'2024-05-28 14:18:45','2024-05-28 14:18:45','2024-05-28 14:18:45'),(517,'Ut ea consequatur sed ipsa tempora sint nam.',27,27,'2024-05-28 14:18:45','2024-05-28 14:18:45','2024-05-28 14:18:45'),(518,'Ut ut rerum dicta cum quas quaerat.',27,29,'2024-05-28 14:18:45','2024-05-28 14:18:45','2024-05-28 14:18:45'),(519,'Commodi doloremque aut et fugit est nam assumenda.',27,44,'2024-05-28 14:18:45','2024-05-28 14:18:45','2024-05-28 14:18:45'),(520,'Eum sit pariatur alias consectetur.',27,90,'2024-05-28 14:18:45','2024-05-28 14:18:45','2024-05-28 14:18:45'),(521,'Quia provident dolor omnis doloribus officia.',27,90,'2024-05-28 14:18:45','2024-05-28 14:18:45','2024-05-28 14:18:45'),(522,'Expedita dolorum sed incidunt id.',28,28,'2024-05-28 14:18:45','2024-05-28 14:18:45','2024-05-28 14:18:45'),(523,'Veritatis ut recusandae officiis necessitatibus.',28,29,'2024-05-28 14:18:45','2024-05-28 14:18:45','2024-05-28 14:18:45'),(524,'Voluptas eos quasi id aperiam et dolor.',28,72,'2024-05-28 14:18:45','2024-05-28 14:18:45','2024-05-28 14:18:45'),(525,'Autem dicta quis repudiandae similique doloremque sint.',28,79,'2024-05-28 14:18:45','2024-05-28 14:18:45','2024-05-28 14:18:45'),(526,'Vel architecto sit nihil commodi dolores.',29,29,'2024-05-28 14:18:45','2024-05-28 14:18:45','2024-05-28 14:18:45'),(527,'In omnis et id id.',29,35,'2024-05-28 14:18:45','2024-05-28 14:18:45','2024-05-28 14:18:45'),(528,'Corporis error voluptas doloribus magni rem.',29,59,'2024-05-28 14:18:45','2024-05-28 14:18:45','2024-05-28 14:18:45'),(529,'Provident ea consequatur neque reiciendis sint mollitia.',29,59,'2024-05-28 14:18:45','2024-05-28 14:18:45','2024-05-28 14:18:45'),(530,'Quis distinctio temporibus laudantium totam.',29,59,'2024-05-28 14:18:45','2024-05-28 14:18:45','2024-05-28 14:18:45'),(531,'Error vitae tempora ut ipsa amet culpa.',29,59,'2024-05-28 14:18:45','2024-05-28 14:18:45','2024-05-28 14:18:45'),(532,'Et tempore illum atque voluptate optio aliquam.',29,59,'2024-05-28 14:18:45','2024-05-28 14:18:45','2024-05-28 14:18:45'),(533,'Et numquam ut officia in praesentium repellat deserunt.',29,59,'2024-05-28 14:18:45','2024-05-28 14:18:45','2024-05-28 14:18:45'),(534,'Accusantium minima impedit possimus necessitatibus et.',29,59,'2024-05-28 14:18:45','2024-05-28 14:18:45','2024-05-28 14:18:45'),(535,'Modi perferendis officia repellendus quia ex ex aut dolores.',30,8,'2024-05-28 14:18:45','2024-05-28 14:18:45','2024-05-28 14:18:45'),(536,'Quis vel neque quasi reiciendis iste necessitatibus beatae.',30,8,'2024-05-28 14:18:45','2024-05-28 14:18:45','2024-05-28 14:18:45'),(537,'Perferendis hic tempora necessitatibus et ut.',30,30,'2024-05-28 14:18:45','2024-05-28 14:18:45','2024-05-28 14:18:45'),(538,'Asperiores voluptas dolorum aliquam autem reprehenderit.',30,30,'2024-05-28 14:18:45','2024-05-28 14:18:45','2024-05-28 14:18:45'),(539,'Deserunt cum odio unde eum consequuntur quia maiores.',30,53,'2024-05-28 14:18:45','2024-05-28 14:18:45','2024-05-28 14:18:45'),(540,'Iusto minima laboriosam doloribus officia sint consequuntur.',30,53,'2024-05-28 14:18:45','2024-05-28 14:18:45','2024-05-28 14:18:45'),(541,'Enim corrupti eveniet quia possimus minus.',30,53,'2024-05-28 14:18:45','2024-05-28 14:18:45','2024-05-28 14:18:45'),(542,'Tenetur voluptatum repellat vitae quod ipsa ullam qui.',30,53,'2024-05-28 14:18:45','2024-05-28 14:18:45','2024-05-28 14:18:45'),(543,'Quia suscipit amet voluptatem et eaque.',30,53,'2024-05-28 14:18:45','2024-05-28 14:18:45','2024-05-28 14:18:45'),(544,'Totam quia qui ex quisquam veniam.',30,53,'2024-05-28 14:18:45','2024-05-28 14:18:45','2024-05-28 14:18:45'),(545,'Quo voluptas delectus consequatur laudantium dolorum.',31,75,'2024-05-28 14:18:45','2024-05-28 14:18:45','2024-05-28 14:18:45'),(546,'Earum enim est blanditiis temporibus.',31,75,'2024-05-28 14:18:45','2024-05-28 14:18:45','2024-05-28 14:18:45'),(547,'Ullam temporibus quae magni voluptatem.',31,95,'2024-05-28 14:18:45','2024-05-28 14:18:45','2024-05-28 14:18:45'),(548,'Commodi esse sint vero nihil.',31,95,'2024-05-28 14:18:45','2024-05-28 14:18:45','2024-05-28 14:18:45'),(549,'Non possimus est animi reprehenderit autem doloremque.',31,95,'2024-05-28 14:18:45','2024-05-28 14:18:45','2024-05-28 14:18:45'),(550,'Maiores ea nihil harum sit aspernatur sed.',31,95,'2024-05-28 14:18:45','2024-05-28 14:18:45','2024-05-28 14:18:45'),(551,'Repudiandae consequatur amet nesciunt totam suscipit facere voluptatum.',31,95,'2024-05-28 14:18:45','2024-05-28 14:18:45','2024-05-28 14:18:45'),(552,'Dolores impedit culpa beatae et modi.',31,95,'2024-05-28 14:18:45','2024-05-28 14:18:45','2024-05-28 14:18:45'),(553,'Aut nulla rerum temporibus est repellendus quam consequatur laborum.',32,21,'2024-05-28 14:18:45','2024-05-28 14:18:45','2024-05-28 14:18:45'),(554,'Cum qui et iure voluptates quia eum.',32,21,'2024-05-28 14:18:45','2024-05-28 14:18:45','2024-05-28 14:18:45'),(555,'Sed iusto voluptate est ea ipsum in.',33,33,'2024-05-28 14:18:45','2024-05-28 14:18:45','2024-05-28 14:18:45'),(556,'Eum dolorem saepe illo.',33,33,'2024-05-28 14:18:45','2024-05-28 14:18:45','2024-05-28 14:18:45'),(557,'Optio quibusdam sit et.',33,65,'2024-05-28 14:18:45','2024-05-28 14:18:45','2024-05-28 14:18:45'),(558,'Quas minima atque quisquam ut iure repudiandae.',33,65,'2024-05-28 14:18:45','2024-05-28 14:18:45','2024-05-28 14:18:45'),(559,'Repellat labore aliquam mollitia qui quae similique.',33,65,'2024-05-28 14:18:45','2024-05-28 14:18:45','2024-05-28 14:18:45'),(560,'Rerum dolorem harum nulla quia eos quae.',33,69,'2024-05-28 14:18:45','2024-05-28 14:18:45','2024-05-28 14:18:45'),(561,'Cupiditate qui praesentium et sint nesciunt repellendus rerum.',35,23,'2024-05-28 14:18:45','2024-05-28 14:18:45','2024-05-28 14:18:45'),(562,'Dolore eius autem est culpa voluptatem unde.',35,35,'2024-05-28 14:18:45','2024-05-28 14:18:45','2024-05-28 14:18:45'),(563,'Animi aliquam quae fugit quasi excepturi.',35,53,'2024-05-28 14:18:45','2024-05-28 14:18:45','2024-05-28 14:18:45'),(564,'Dolor consequatur autem et mollitia quo similique.',35,65,'2024-05-28 14:18:45','2024-05-28 14:18:45','2024-05-28 14:18:45'),(565,'Sunt nobis ad magni.',35,75,'2024-05-28 14:18:45','2024-05-28 14:18:45','2024-05-28 14:18:45'),(566,'Qui natus dolor nihil ut impedit ipsum.',35,95,'2024-05-28 14:18:45','2024-05-28 14:18:45','2024-05-28 14:18:45'),(567,'Aut officiis assumenda ex consequatur delectus aliquid.',36,36,'2024-05-28 14:18:45','2024-05-28 14:18:45','2024-05-28 14:18:45'),(568,'Laboriosam provident id et possimus.',36,39,'2024-05-28 14:18:45','2024-05-28 14:18:45','2024-05-28 14:18:45'),(569,'Hic nihil aliquid sed.',36,39,'2024-05-28 14:18:45','2024-05-28 14:18:45','2024-05-28 14:18:45'),(570,'Consequatur aut iusto nihil eos dolor illum deserunt molestiae.',36,39,'2024-05-28 14:18:45','2024-05-28 14:18:45','2024-05-28 14:18:45'),(571,'Sapiente ea nulla similique et est similique.',36,40,'2024-05-28 14:18:45','2024-05-28 14:18:45','2024-05-28 14:18:45'),(572,'Rem nesciunt recusandae sed eaque doloribus maxime.',36,40,'2024-05-28 14:18:45','2024-05-28 14:18:45','2024-05-28 14:18:45'),(573,'Illum odit perferendis perferendis rem quidem.',36,40,'2024-05-28 14:18:45','2024-05-28 14:18:45','2024-05-28 14:18:45'),(574,'Architecto commodi consequatur sit.',36,40,'2024-05-28 14:18:45','2024-05-28 14:18:45','2024-05-28 14:18:45'),(575,'Beatae aliquid nihil et qui molestiae.',37,37,'2024-05-28 14:18:45','2024-05-28 14:18:45','2024-05-28 14:18:45'),(576,'Consequatur vel vel excepturi eos beatae beatae.',37,37,'2024-05-28 14:18:45','2024-05-28 14:18:45','2024-05-28 14:18:45'),(577,'Et cumque et mollitia animi blanditiis quam natus.',37,37,'2024-05-28 14:18:45','2024-05-28 14:18:45','2024-05-28 14:18:45'),(578,'Corporis dicta ratione distinctio maiores quos.',37,37,'2024-05-28 14:18:45','2024-05-28 14:18:45','2024-05-28 14:18:45'),(579,'Odit est et quia et et.',37,37,'2024-05-28 14:18:45','2024-05-28 14:18:45','2024-05-28 14:18:45'),(580,'Velit eos aliquid ea modi ipsam et.',37,37,'2024-05-28 14:18:45','2024-05-28 14:18:45','2024-05-28 14:18:45'),(581,'Facilis vero occaecati vitae commodi unde iste.',37,40,'2024-05-28 14:18:45','2024-05-28 14:18:45','2024-05-28 14:18:45'),(582,'Sint magnam exercitationem quia qui.',38,2,'2024-05-28 14:18:45','2024-05-28 14:18:45','2024-05-28 14:18:45'),(583,'Aspernatur non velit qui voluptatem corrupti aspernatur adipisci.',38,41,'2024-05-28 14:18:45','2024-05-28 14:18:45','2024-05-28 14:18:45'),(584,'Possimus qui facere dolorem recusandae non.',38,59,'2024-05-28 14:18:45','2024-05-28 14:18:45','2024-05-28 14:18:45'),(585,'Iste deserunt sequi architecto.',39,39,'2024-05-28 14:18:45','2024-05-28 14:18:45','2024-05-28 14:18:45'),(586,'Ut facilis eos dolor soluta.',39,39,'2024-05-28 14:18:45','2024-05-28 14:18:45','2024-05-28 14:18:45'),(587,'Deleniti eveniet dolorum aut sit et recusandae dolorem.',39,39,'2024-05-28 14:18:45','2024-05-28 14:18:45','2024-05-28 14:18:45'),(588,'Asperiores vitae nostrum accusamus officiis similique ducimus est.',39,39,'2024-05-28 14:18:45','2024-05-28 14:18:45','2024-05-28 14:18:45'),(589,'Officiis commodi beatae accusantium voluptas a est et.',39,65,'2024-05-28 14:18:45','2024-05-28 14:18:45','2024-05-28 14:18:45'),(590,'Veritatis omnis quaerat hic numquam quis consectetur.',40,40,'2024-05-28 14:18:45','2024-05-28 14:18:45','2024-05-28 14:18:45'),(591,'Dolorum consequuntur sapiente quis nihil reprehenderit excepturi.',40,47,'2024-05-28 14:18:45','2024-05-28 14:18:45','2024-05-28 14:18:45'),(592,'Eaque sapiente rerum corrupti nihil ad.',40,82,'2024-05-28 14:18:45','2024-05-28 14:18:45','2024-05-28 14:18:45'),(593,'Et rem non nesciunt temporibus aliquid maiores.',41,41,'2024-05-28 14:18:45','2024-05-28 14:18:45','2024-05-28 14:18:45'),(594,'Error quam qui neque quo cum.',41,41,'2024-05-28 14:18:45','2024-05-28 14:18:45','2024-05-28 14:18:45'),(595,'Et asperiores voluptas inventore ducimus.',41,81,'2024-05-28 14:18:45','2024-05-28 14:18:45','2024-05-28 14:18:45'),(596,'Distinctio ipsam facere fuga magnam.',41,88,'2024-05-28 14:18:45','2024-05-28 14:18:45','2024-05-28 14:18:45'),(597,'Sunt velit dolorem nihil et.',41,88,'2024-05-28 14:18:45','2024-05-28 14:18:45','2024-05-28 14:18:45'),(598,'Sed rem dolore qui molestiae sed iure.',42,23,'2024-05-28 14:18:45','2024-05-28 14:18:45','2024-05-28 14:18:45'),(599,'Officiis doloremque et dolores officiis.',42,42,'2024-05-28 14:18:45','2024-05-28 14:18:45','2024-05-28 14:18:45'),(600,'Quibusdam ut cupiditate earum sed.',42,42,'2024-05-28 14:18:45','2024-05-28 14:18:45','2024-05-28 14:18:45'),(601,'Quo porro ullam tenetur.',42,42,'2024-05-28 14:18:45','2024-05-28 14:18:45','2024-05-28 14:18:45'),(602,'Eveniet at optio consequatur mollitia quia esse blanditiis.',42,42,'2024-05-28 14:18:45','2024-05-28 14:18:45','2024-05-28 14:18:45'),(603,'Quo fugit eius culpa eos voluptas numquam ex.',42,42,'2024-05-28 14:18:45','2024-05-28 14:18:45','2024-05-28 14:18:45'),(604,'Nesciunt voluptates sed neque impedit.',42,42,'2024-05-28 14:18:45','2024-05-28 14:18:45','2024-05-28 14:18:45'),(605,'Architecto doloribus dolores blanditiis.',42,42,'2024-05-28 14:18:45','2024-05-28 14:18:45','2024-05-28 14:18:45'),(606,'Et et vitae saepe quia.',42,80,'2024-05-28 14:18:45','2024-05-28 14:18:45','2024-05-28 14:18:45'),(607,'Voluptatum officiis asperiores ipsam ut debitis.',42,93,'2024-05-28 14:18:45','2024-05-28 14:18:45','2024-05-28 14:18:45'),(608,'Illo et quos consequuntur.',43,43,'2024-05-28 14:18:45','2024-05-28 14:18:45','2024-05-28 14:18:45'),(609,'Ad in eaque reprehenderit.',43,43,'2024-05-28 14:18:45','2024-05-28 14:18:45','2024-05-28 14:18:45'),(610,'Inventore officia quae quaerat culpa.',43,43,'2024-05-28 14:18:45','2024-05-28 14:18:45','2024-05-28 14:18:45'),(611,'Earum dolorem doloremque voluptatibus omnis asperiores.',43,43,'2024-05-28 14:18:45','2024-05-28 14:18:45','2024-05-28 14:18:45'),(612,'Et qui culpa consectetur.',43,43,'2024-05-28 14:18:45','2024-05-28 14:18:45','2024-05-28 14:18:45'),(613,'Quisquam vel cumque repudiandae sed earum quos exercitationem.',43,48,'2024-05-28 14:18:45','2024-05-28 14:18:45','2024-05-28 14:18:45'),(614,'Illum expedita sed et a.',43,48,'2024-05-28 14:18:45','2024-05-28 14:18:45','2024-05-28 14:18:45'),(615,'Suscipit nihil et voluptatem eaque necessitatibus vitae.',43,48,'2024-05-28 14:18:45','2024-05-28 14:18:45','2024-05-28 14:18:45'),(616,'Perspiciatis error rerum sit numquam ab et eligendi.',43,48,'2024-05-28 14:18:45','2024-05-28 14:18:45','2024-05-28 14:18:45'),(617,'Dolorem alias quis non sint similique.',43,48,'2024-05-28 14:18:45','2024-05-28 14:18:45','2024-05-28 14:18:45'),(618,'Nihil id fugiat ea dignissimos.',43,74,'2024-05-28 14:18:45','2024-05-28 14:18:45','2024-05-28 14:18:45'),(619,'Dolorum voluptatum quasi ut occaecati quia architecto.',43,74,'2024-05-28 14:18:45','2024-05-28 14:18:45','2024-05-28 14:18:45'),(620,'Temporibus et impedit consectetur dolor et dignissimos molestiae.',43,74,'2024-05-28 14:18:45','2024-05-28 14:18:45','2024-05-28 14:18:45'),(621,'Quia odit atque dicta et.',43,74,'2024-05-28 14:18:45','2024-05-28 14:18:45','2024-05-28 14:18:45'),(622,'Necessitatibus doloribus id neque deleniti perferendis sit voluptatem.',43,74,'2024-05-28 14:18:45','2024-05-28 14:18:45','2024-05-28 14:18:45'),(623,'Sint nesciunt repellat dicta ut exercitationem.',43,74,'2024-05-28 14:18:45','2024-05-28 14:18:45','2024-05-28 14:18:45'),(624,'Provident iusto odit fugit.',43,74,'2024-05-28 14:18:45','2024-05-28 14:18:45','2024-05-28 14:18:45'),(625,'Maiores incidunt itaque esse officiis.',43,81,'2024-05-28 14:18:45','2024-05-28 14:18:45','2024-05-28 14:18:45'),(626,'Quo voluptates optio aut ut quis dolores harum.',44,93,'2024-05-28 14:18:45','2024-05-28 14:18:45','2024-05-28 14:18:45'),(627,'Voluptates molestiae ut ut reprehenderit non asperiores.',44,93,'2024-05-28 14:18:45','2024-05-28 14:18:45','2024-05-28 14:18:45'),(628,'Sed facere corrupti optio et ratione odio.',45,52,'2024-05-28 14:18:45','2024-05-28 14:18:45','2024-05-28 14:18:45'),(629,'Illo laboriosam maxime cum accusantium rerum enim dolor.',45,54,'2024-05-28 14:18:45','2024-05-28 14:18:45','2024-05-28 14:18:45'),(630,'Et adipisci sint eum veritatis eum.',45,54,'2024-05-28 14:18:45','2024-05-28 14:18:45','2024-05-28 14:18:45'),(631,'Amet laborum minus pariatur voluptates.',45,54,'2024-05-28 14:18:45','2024-05-28 14:18:45','2024-05-28 14:18:45'),(632,'Ex quibusdam harum sapiente ut sit accusamus quia.',45,54,'2024-05-28 14:18:45','2024-05-28 14:18:45','2024-05-28 14:18:45'),(633,'Qui voluptatem pariatur voluptatem quia rerum numquam labore.',45,54,'2024-05-28 14:18:45','2024-05-28 14:18:45','2024-05-28 14:18:45'),(634,'Laudantium ut labore ut ut cupiditate molestias.',45,54,'2024-05-28 14:18:45','2024-05-28 14:18:45','2024-05-28 14:18:45'),(635,'Aut reiciendis quae in nihil excepturi eligendi ullam facilis.',45,54,'2024-05-28 14:18:45','2024-05-28 14:18:45','2024-05-28 14:18:45'),(636,'Accusamus earum expedita ea quae non repellendus ut et.',45,54,'2024-05-28 14:18:45','2024-05-28 14:18:45','2024-05-28 14:18:45'),(637,'Dolorum nemo earum et dicta ad beatae non.',45,69,'2024-05-28 14:18:45','2024-05-28 14:18:45','2024-05-28 14:18:45'),(638,'Et enim ratione possimus ut numquam.',46,49,'2024-05-28 14:18:45','2024-05-28 14:18:45','2024-05-28 14:18:45'),(639,'Quaerat illum temporibus molestiae dolor.',46,49,'2024-05-28 14:18:45','2024-05-28 14:18:45','2024-05-28 14:18:45'),(640,'Aut error optio qui quo sint qui illum.',46,49,'2024-05-28 14:18:45','2024-05-28 14:18:45','2024-05-28 14:18:45'),(641,'Animi maiores magnam dolores officia atque nam et.',46,49,'2024-05-28 14:18:45','2024-05-28 14:18:45','2024-05-28 14:18:45'),(642,'Accusamus quo magnam voluptates iusto quia in.',46,75,'2024-05-28 14:18:45','2024-05-28 14:18:45','2024-05-28 14:18:45'),(643,'Et id natus recusandae eos soluta non unde.',47,29,'2024-05-28 14:18:45','2024-05-28 14:18:45','2024-05-28 14:18:45'),(644,'Et eligendi sapiente dolorum distinctio reiciendis.',47,47,'2024-05-28 14:18:45','2024-05-28 14:18:45','2024-05-28 14:18:45'),(645,'Repellat nulla placeat voluptatibus rerum natus atque hic.',47,62,'2024-05-28 14:18:45','2024-05-28 14:18:45','2024-05-28 14:18:45'),(646,'Nemo est aut eum similique quaerat esse facilis.',48,48,'2024-05-28 14:18:45','2024-05-28 14:18:45','2024-05-28 14:18:45'),(647,'Maiores eos assumenda et culpa.',48,48,'2024-05-28 14:18:45','2024-05-28 14:18:45','2024-05-28 14:18:45'),(648,'Voluptas nihil omnis sunt architecto optio delectus.',48,48,'2024-05-28 14:18:45','2024-05-28 14:18:45','2024-05-28 14:18:45'),(649,'Culpa non inventore quia similique.',48,52,'2024-05-28 14:18:45','2024-05-28 14:18:45','2024-05-28 14:18:45'),(650,'Provident sequi cum itaque explicabo.',48,52,'2024-05-28 14:18:45','2024-05-28 14:18:45','2024-05-28 14:18:45'),(651,'Reprehenderit rerum rerum est est dolorum omnis perspiciatis.',48,58,'2024-05-28 14:18:45','2024-05-28 14:18:45','2024-05-28 14:18:45'),(652,'Reiciendis et quia in maxime officia tempora.',48,58,'2024-05-28 14:18:45','2024-05-28 14:18:45','2024-05-28 14:18:45'),(653,'Distinctio aliquid incidunt ut.',48,58,'2024-05-28 14:18:45','2024-05-28 14:18:45','2024-05-28 14:18:45'),(654,'Beatae quae libero laudantium nihil reprehenderit quo libero.',48,58,'2024-05-28 14:18:45','2024-05-28 14:18:45','2024-05-28 14:18:45'),(655,'Est dolor voluptas molestias enim est.',48,58,'2024-05-28 14:18:45','2024-05-28 14:18:45','2024-05-28 14:18:45'),(656,'Cupiditate saepe voluptas in ipsum.',48,58,'2024-05-28 14:18:45','2024-05-28 14:18:45','2024-05-28 14:18:45'),(657,'Sit ratione suscipit unde velit.',48,58,'2024-05-28 14:18:45','2024-05-28 14:18:45','2024-05-28 14:18:45'),(658,'Commodi pariatur et maiores et.',48,58,'2024-05-28 14:18:45','2024-05-28 14:18:45','2024-05-28 14:18:45'),(659,'Sapiente rerum voluptatem quasi ea est.',49,49,'2024-05-28 14:18:45','2024-05-28 14:18:45','2024-05-28 14:18:45'),(660,'Accusantium pariatur quis architecto in.',49,49,'2024-05-28 14:18:45','2024-05-28 14:18:45','2024-05-28 14:18:45'),(661,'Voluptas quo aut vero similique illo totam consectetur amet.',52,2,'2024-05-28 14:18:45','2024-05-28 14:18:45','2024-05-28 14:18:45'),(662,'Doloremque ut et architecto praesentium velit hic.',52,52,'2024-05-28 14:18:45','2024-05-28 14:18:45','2024-05-28 14:18:45'),(663,'Molestiae eum quae iste consequatur dolor voluptas.',52,61,'2024-05-28 14:18:45','2024-05-28 14:18:45','2024-05-28 14:18:45'),(664,'Est vel voluptas praesentium dolor facere non delectus.',53,53,'2024-05-28 14:18:45','2024-05-28 14:18:45','2024-05-28 14:18:45'),(665,'Commodi ratione enim non eaque ducimus.',55,39,'2024-05-28 14:18:45','2024-05-28 14:18:45','2024-05-28 14:18:45'),(666,'Ratione quibusdam sint reprehenderit consequatur.',57,7,'2024-05-28 14:18:45','2024-05-28 14:18:45','2024-05-28 14:18:45'),(667,'In ipsam ut facilis impedit veniam qui.',57,42,'2024-05-28 14:18:45','2024-05-28 14:18:45','2024-05-28 14:18:45'),(668,'Hic qui quae qui fuga aut rem fuga.',57,49,'2024-05-28 14:18:45','2024-05-28 14:18:45','2024-05-28 14:18:45'),(669,'Soluta debitis fugiat consequuntur sit consequatur.',57,57,'2024-05-28 14:18:45','2024-05-28 14:18:45','2024-05-28 14:18:45'),(670,'Eos asperiores nesciunt autem aliquid nisi sed expedita et.',57,61,'2024-05-28 14:18:45','2024-05-28 14:18:45','2024-05-28 14:18:45'),(671,'Ipsum doloremque rem vel nisi.',57,61,'2024-05-28 14:18:45','2024-05-28 14:18:45','2024-05-28 14:18:45'),(672,'Officia aspernatur dolorem qui rerum asperiores rerum a.',57,61,'2024-05-28 14:18:45','2024-05-28 14:18:45','2024-05-28 14:18:45'),(673,'Numquam corrupti excepturi ut magni ut ab.',59,74,'2024-05-28 14:18:45','2024-05-28 14:18:45','2024-05-28 14:18:45'),(674,'Distinctio dolores dolor aspernatur sed eum.',60,36,'2024-05-28 14:18:45','2024-05-28 14:18:45','2024-05-28 14:18:45'),(675,'Eos porro sit cumque tempora et fugit quibusdam.',60,36,'2024-05-28 14:18:45','2024-05-28 14:18:45','2024-05-28 14:18:45'),(676,'Corporis sed laborum quia enim amet nam.',60,36,'2024-05-28 14:18:45','2024-05-28 14:18:45','2024-05-28 14:18:45'),(677,'Asperiores ea enim asperiores et quia explicabo.',60,36,'2024-05-28 14:18:45','2024-05-28 14:18:45','2024-05-28 14:18:45'),(678,'Voluptas voluptas voluptatum nostrum et fugiat dolores.',60,36,'2024-05-28 14:18:45','2024-05-28 14:18:45','2024-05-28 14:18:45'),(679,'Magni inventore accusamus assumenda quidem laboriosam.',60,60,'2024-05-28 14:18:45','2024-05-28 14:18:45','2024-05-28 14:18:45'),(680,'At qui pariatur omnis eos.',61,7,'2024-05-28 14:18:45','2024-05-28 14:18:45','2024-05-28 14:18:45'),(681,'Dolorem dolor sint eum voluptatem.',61,61,'2024-05-28 14:18:45','2024-05-28 14:18:45','2024-05-28 14:18:45'),(682,'Consectetur quisquam beatae perferendis quis error.',61,68,'2024-05-28 14:18:45','2024-05-28 14:18:45','2024-05-28 14:18:45'),(683,'Qui aut voluptatem adipisci dolor harum ad.',61,68,'2024-05-28 14:18:45','2024-05-28 14:18:45','2024-05-28 14:18:45'),(684,'Hic modi doloremque alias adipisci.',61,95,'2024-05-28 14:18:45','2024-05-28 14:18:45','2024-05-28 14:18:45'),(685,'Nisi tenetur a facilis excepturi.',62,62,'2024-05-28 14:18:45','2024-05-28 14:18:45','2024-05-28 14:18:45'),(686,'Nihil ut deleniti voluptatem et.',62,62,'2024-05-28 14:18:45','2024-05-28 14:18:45','2024-05-28 14:18:45'),(687,'Error hic ea assumenda et beatae nihil blanditiis.',64,64,'2024-05-28 14:18:45','2024-05-28 14:18:45','2024-05-28 14:18:45'),(688,'Ducimus autem molestiae quia in dolor.',64,64,'2024-05-28 14:18:45','2024-05-28 14:18:45','2024-05-28 14:18:45'),(689,'Nisi nobis dolorem error sint.',64,64,'2024-05-28 14:18:45','2024-05-28 14:18:45','2024-05-28 14:18:45'),(690,'Eaque aspernatur odio delectus culpa soluta asperiores.',64,64,'2024-05-28 14:18:45','2024-05-28 14:18:45','2024-05-28 14:18:45'),(691,'Quidem repellendus aperiam ut doloremque illum fugiat.',66,11,'2024-05-28 14:18:45','2024-05-28 14:18:45','2024-05-28 14:18:45'),(692,'Blanditiis sapiente sint quo doloribus natus.',68,37,'2024-05-28 14:18:45','2024-05-28 14:18:45','2024-05-28 14:18:45'),(693,'Expedita commodi et incidunt.',68,68,'2024-05-28 14:18:45','2024-05-28 14:18:45','2024-05-28 14:18:45'),(694,'Ex corporis saepe sint facilis vero et adipisci.',68,85,'2024-05-28 14:18:45','2024-05-28 14:18:45','2024-05-28 14:18:45'),(695,'Ea totam debitis ad deleniti fugit.',69,85,'2024-05-28 14:18:45','2024-05-28 14:18:45','2024-05-28 14:18:45'),(696,'Incidunt sit necessitatibus amet pariatur eius omnis qui.',69,85,'2024-05-28 14:18:45','2024-05-28 14:18:45','2024-05-28 14:18:45'),(697,'Qui dolore cupiditate exercitationem et.',70,33,'2024-05-28 14:18:45','2024-05-28 14:18:45','2024-05-28 14:18:45'),(698,'Consequatur fuga velit rerum cum quod eos omnis.',71,71,'2024-05-28 14:18:45','2024-05-28 14:18:45','2024-05-28 14:18:45'),(699,'Occaecati repellat et assumenda atque voluptate aut voluptas.',71,71,'2024-05-28 14:18:45','2024-05-28 14:18:45','2024-05-28 14:18:45'),(700,'Qui ipsa repudiandae odit eum praesentium quia odio.',71,71,'2024-05-28 14:18:45','2024-05-28 14:18:45','2024-05-28 14:18:45'),(701,'Magni veniam omnis soluta earum iste quia.',74,62,'2024-05-28 14:18:45','2024-05-28 14:18:45','2024-05-28 14:18:45'),(702,'Rerum aliquam et sunt minima sint recusandae placeat sapiente.',74,62,'2024-05-28 14:18:45','2024-05-28 14:18:45','2024-05-28 14:18:45'),(703,'Consequatur aliquid vel placeat possimus ratione corrupti cupiditate.',74,87,'2024-05-28 14:18:45','2024-05-28 14:18:45','2024-05-28 14:18:45'),(704,'Et et unde doloremque ullam suscipit corporis.',74,94,'2024-05-28 14:18:45','2024-05-28 14:18:45','2024-05-28 14:18:45'),(705,'Excepturi non repellat dolorem est.',76,76,'2024-05-28 14:18:45','2024-05-28 14:18:45','2024-05-28 14:18:45'),(706,'Tempore dolor nam beatae porro.',76,76,'2024-05-28 14:18:45','2024-05-28 14:18:45','2024-05-28 14:18:45'),(707,'Quidem sapiente aliquid necessitatibus et aut nihil.',76,76,'2024-05-28 14:18:45','2024-05-28 14:18:45','2024-05-28 14:18:45'),(708,'Facere expedita laudantium rerum deleniti aut perferendis.',76,76,'2024-05-28 14:18:45','2024-05-28 14:18:45','2024-05-28 14:18:45'),(709,'Dignissimos aliquid vel enim dolores numquam sit.',76,85,'2024-05-28 14:18:45','2024-05-28 14:18:45','2024-05-28 14:18:45'),(710,'Veniam modi fuga veritatis ab.',76,85,'2024-05-28 14:18:45','2024-05-28 14:18:45','2024-05-28 14:18:45'),(711,'Et necessitatibus tenetur velit voluptates error nisi.',76,85,'2024-05-28 14:18:45','2024-05-28 14:18:45','2024-05-28 14:18:45'),(712,'Autem tempora minus eaque rerum pariatur aut.',76,85,'2024-05-28 14:18:45','2024-05-28 14:18:45','2024-05-28 14:18:45'),(713,'Enim aut quasi aliquid quasi aliquid quis est non.',77,77,'2024-05-28 14:18:45','2024-05-28 14:18:45','2024-05-28 14:18:45'),(714,'Repudiandae aliquam cum delectus magnam voluptas.',77,77,'2024-05-28 14:18:45','2024-05-28 14:18:45','2024-05-28 14:18:45'),(715,'Non quae mollitia vero voluptas ea sint.',77,77,'2024-05-28 14:18:45','2024-05-28 14:18:45','2024-05-28 14:18:45'),(716,'Itaque et dolores vero suscipit et.',77,77,'2024-05-28 14:18:45','2024-05-28 14:18:45','2024-05-28 14:18:45'),(717,'Dicta recusandae ut magnam harum.',77,77,'2024-05-28 14:18:45','2024-05-28 14:18:45','2024-05-28 14:18:45'),(718,'Non ex sit facilis possimus.',78,78,'2024-05-28 14:18:45','2024-05-28 14:18:45','2024-05-28 14:18:45'),(719,'Suscipit qui sint in enim perspiciatis quod autem.',83,83,'2024-05-28 14:18:45','2024-05-28 14:18:45','2024-05-28 14:18:45'),(720,'Ab dolorem iure a delectus qui libero repellat sit.',85,85,'2024-05-28 14:18:45','2024-05-28 14:18:45','2024-05-28 14:18:45'),(721,'Voluptas amet expedita voluptatem et delectus eaque.',86,43,'2024-05-28 14:18:45','2024-05-28 14:18:45','2024-05-28 14:18:45'),(722,'Minima provident quos et libero dolores minus.',86,86,'2024-05-28 14:18:45','2024-05-28 14:18:45','2024-05-28 14:18:45'),(723,'Quis et aut consequatur reprehenderit earum.',86,86,'2024-05-28 14:18:45','2024-05-28 14:18:45','2024-05-28 14:18:45'),(724,'Occaecati natus vel consequatur earum.',86,86,'2024-05-28 14:18:45','2024-05-28 14:18:45','2024-05-28 14:18:45'),(725,'Est assumenda animi eaque aut ut.',87,87,'2024-05-28 14:18:45','2024-05-28 14:18:45','2024-05-28 14:18:45'),(726,'Quia ullam doloremque voluptas eligendi molestias ea est reiciendis.',87,87,'2024-05-28 14:18:45','2024-05-28 14:18:45','2024-05-28 14:18:45'),(727,'Atque aut debitis provident quia rem ullam.',87,87,'2024-05-28 14:18:45','2024-05-28 14:18:45','2024-05-28 14:18:45'),(728,'Quo nobis omnis expedita id.',87,87,'2024-05-28 14:18:45','2024-05-28 14:18:45','2024-05-28 14:18:45'),(729,'Culpa veritatis non omnis et veritatis doloribus dolore.',87,87,'2024-05-28 14:18:45','2024-05-28 14:18:45','2024-05-28 14:18:45'),(730,'Nihil minus neque veritatis optio et.',87,87,'2024-05-28 14:18:45','2024-05-28 14:18:45','2024-05-28 14:18:45'),(731,'Laudantium recusandae est sunt qui.',88,88,'2024-05-28 14:18:45','2024-05-28 14:18:45','2024-05-28 14:18:45'),(732,'Sequi vel dignissimos non aut accusamus.',88,88,'2024-05-28 14:18:45','2024-05-28 14:18:45','2024-05-28 14:18:45'),(733,'Earum deserunt aperiam natus nesciunt ut laboriosam fuga repellat.',89,89,'2024-05-28 14:18:45','2024-05-28 14:18:45','2024-05-28 14:18:45'),(734,'Exercitationem sit officiis et minima adipisci.',89,89,'2024-05-28 14:18:45','2024-05-28 14:18:45','2024-05-28 14:18:45'),(735,'Quibusdam at placeat id porro explicabo quia.',89,89,'2024-05-28 14:18:45','2024-05-28 14:18:45','2024-05-28 14:18:45'),(736,'In provident consequatur magnam omnis.',89,89,'2024-05-28 14:18:45','2024-05-28 14:18:45','2024-05-28 14:18:45'),(737,'Perferendis ut quos id pariatur.',89,89,'2024-05-28 14:18:45','2024-05-28 14:18:45','2024-05-28 14:18:45'),(738,'Quo sapiente repudiandae autem facilis rem quaerat.',91,91,'2024-05-28 14:18:45','2024-05-28 14:18:45','2024-05-28 14:18:45'),(739,'Fugiat tempora ullam blanditiis.',91,91,'2024-05-28 14:18:45','2024-05-28 14:18:45','2024-05-28 14:18:45'),(740,'Autem nisi impedit minima corrupti impedit earum.',91,91,'2024-05-28 14:18:45','2024-05-28 14:18:45','2024-05-28 14:18:45'),(741,'Vero et magni vero nulla.',92,64,'2024-05-28 14:18:45','2024-05-28 14:18:45','2024-05-28 14:18:45'),(742,'Non et voluptatum molestiae iure itaque.',94,62,'2024-05-28 14:18:45','2024-05-28 14:18:45','2024-05-28 14:18:45'),(743,'Occaecati occaecati eligendi doloremque laudantium quo aliquam dolorem.',95,64,'2024-05-28 14:18:45','2024-05-28 14:18:45','2024-05-28 14:18:45'),(744,'Eos iure commodi sunt sunt ab.',96,62,'2024-05-28 14:18:45','2024-05-28 14:18:45','2024-05-28 14:18:45'),(745,'Aut et ratione beatae consectetur dignissimos officia.',99,30,'2024-05-28 14:18:45','2024-05-28 14:18:45','2024-05-28 14:18:45'),(746,'Odio ducimus eius iste.',99,30,'2024-05-28 14:18:45','2024-05-28 14:18:45','2024-05-28 14:18:45'),(747,'Placeat doloribus consequatur eos et aut doloribus vel.',99,30,'2024-05-28 14:18:45','2024-05-28 14:18:45','2024-05-28 14:18:45'),(748,'Aut eaque velit rerum.',99,30,'2024-05-28 14:18:45','2024-05-28 14:18:45','2024-05-28 14:18:45'),(749,'Aut quidem et quis enim incidunt quis distinctio.',99,99,'2024-05-28 14:18:45','2024-05-28 14:18:45','2024-05-28 14:18:45'),(750,'Esse quisquam et sed id.',99,99,'2024-05-28 14:18:45','2024-05-28 14:18:45','2024-05-28 14:18:45'),(751,'Optio libero quos nesciunt animi rerum ullam omnis.',99,99,'2024-05-28 14:18:45','2024-05-28 14:18:45','2024-05-28 14:18:45'),(752,'Accusantium et quasi incidunt ad non laboriosam in.',99,99,'2024-05-28 14:18:45','2024-05-28 14:18:45','2024-05-28 14:18:45'),(753,'Facilis error veniam dolorum provident deserunt.',99,99,'2024-05-28 14:18:45','2024-05-28 14:18:45','2024-05-28 14:18:45'),(754,'Est quia molestiae esse eaque.',99,99,'2024-05-28 14:18:45','2024-05-28 14:18:45','2024-05-28 14:18:45'),(755,'test',101,1,'2024-05-28 15:13:58','2024-05-28 15:13:58','2024-05-28 15:13:58'),(756,'test',101,2,'2024-05-28 15:25:23','2024-05-28 15:25:23','2024-05-28 15:25:23'),(757,'test',101,1,'2024-05-28 15:36:32','2024-05-28 15:36:32','2024-05-28 15:36:32'),(758,'test',101,1,'2024-05-28 15:56:20','2024-05-28 15:56:20','2024-05-28 15:56:20'),(759,'test',101,2,'2024-05-28 16:55:57','2024-05-28 16:55:57','2024-05-28 16:55:57'),(760,'hi',101,1,'2024-05-28 17:08:57','2024-05-28 17:08:57','2024-05-28 17:08:57'),(761,'hi',101,2,'2024-05-28 17:09:18','2024-05-28 17:09:18','2024-05-28 17:09:18'),(762,'hi!',101,1,'2024-06-10 16:00:41','2024-06-10 16:00:41','2024-06-10 16:00:41');
/*!40000 ALTER TABLE `messages` ENABLE KEYS */;
UNLOCK TABLES;

--
-- Table structure for table `migrations`
--

DROP TABLE IF EXISTS `migrations`;
/*!40101 SET @saved_cs_client     = @@character_set_client */;
/*!40101 SET character_set_client = utf8 */;
CREATE TABLE `migrations` (
  `id` int(10) unsigned NOT NULL AUTO_INCREMENT,
  `migration` varchar(255) NOT NULL,
  `batch` int(11) NOT NULL,
  PRIMARY KEY (`id`)
) ENGINE=InnoDB AUTO_INCREMENT=8 DEFAULT CHARSET=utf8mb4 COLLATE=utf8mb4_unicode_ci;
/*!40101 SET character_set_client = @saved_cs_client */;

--
-- Dumping data for table `migrations`
--

LOCK TABLES `migrations` WRITE;
/*!40000 ALTER TABLE `migrations` DISABLE KEYS */;
INSERT INTO `migrations` VALUES (1,'0001_01_01_000000_create_users_table',1),(2,'0001_01_01_000001_create_cache_table',1),(3,'0001_01_01_000002_create_jobs_table',1),(4,'2024_05_06_111055_create_adventures_table',1),(5,'2024_05_13_094220_create_conversations_table',1),(6,'2024_05_13_132934_create_messages_table',1),(7,'2024_05_13_145230_create_interests_table',1);
/*!40000 ALTER TABLE `migrations` ENABLE KEYS */;
UNLOCK TABLES;

--
-- Table structure for table `password_reset_tokens`
--

DROP TABLE IF EXISTS `password_reset_tokens`;
/*!40101 SET @saved_cs_client     = @@character_set_client */;
/*!40101 SET character_set_client = utf8 */;
CREATE TABLE `password_reset_tokens` (
  `email` varchar(255) NOT NULL,
  `token` varchar(255) NOT NULL,
  `created_at` timestamp NULL DEFAULT NULL,
  PRIMARY KEY (`email`)
) ENGINE=InnoDB DEFAULT CHARSET=utf8mb4 COLLATE=utf8mb4_unicode_ci;
/*!40101 SET character_set_client = @saved_cs_client */;

--
-- Dumping data for table `password_reset_tokens`
--

LOCK TABLES `password_reset_tokens` WRITE;
/*!40000 ALTER TABLE `password_reset_tokens` DISABLE KEYS */;
/*!40000 ALTER TABLE `password_reset_tokens` ENABLE KEYS */;
UNLOCK TABLES;

--
-- Table structure for table `sessions`
--

DROP TABLE IF EXISTS `sessions`;
/*!40101 SET @saved_cs_client     = @@character_set_client */;
/*!40101 SET character_set_client = utf8 */;
CREATE TABLE `sessions` (
  `id` varchar(255) NOT NULL,
  `user_id` bigint(20) unsigned DEFAULT NULL,
  `ip_address` varchar(45) DEFAULT NULL,
  `user_agent` text DEFAULT NULL,
  `payload` longtext NOT NULL,
  `last_activity` int(11) NOT NULL,
  PRIMARY KEY (`id`),
  KEY `sessions_user_id_index` (`user_id`),
  KEY `sessions_last_activity_index` (`last_activity`)
) ENGINE=InnoDB DEFAULT CHARSET=utf8mb4 COLLATE=utf8mb4_unicode_ci;
/*!40101 SET character_set_client = @saved_cs_client */;

--
-- Dumping data for table `sessions`
--

LOCK TABLES `sessions` WRITE;
/*!40000 ALTER TABLE `sessions` DISABLE KEYS */;
INSERT INTO `sessions` VALUES ('zHAOQgrUxJeWyTyOAr03XSY13WwIx96mYvggtwBK',101,'172.18.0.5','Mozilla/5.0 (Windows NT 10.0; Win64; x64) AppleWebKit/537.36 (KHTML, like Gecko) Chrome/125.0.0.0 Safari/537.36','YTo1OntzOjY6Il90b2tlbiI7czo0MDoiOVJyV3JZU1hKcWtnT1kwNWlON1RweW52V1lMM0dwUEhURTZ6OW9LRiI7czo5OiJfcHJldmlvdXMiO2E6MTp7czozOiJ1cmwiO3M6NDY6Imh0dHBzOi8vZWluZHByb2plY3QuZGRldi5zaXRlL2FkbWluL2FkdmVudHVyZXMiO31zOjY6Il9mbGFzaCI7YToyOntzOjM6Im9sZCI7YTowOnt9czozOiJuZXciO2E6MDp7fX1zOjUwOiJsb2dpbl93ZWJfNTliYTM2YWRkYzJiMmY5NDAxNTgwZjAxNGM3ZjU4ZWE0ZTMwOTg5ZCI7aToxMDE7czoxNzoicGFzc3dvcmRfaGFzaF93ZWIiO3M6NjA6IiQyeSQxMiRYSHV4d3J5N2UwU05xQkxFbFoveFZ1UlpGLi84S3pJU1ZvRUJjbXpMd3pWbnJ1OFZiZkxheSI7fQ==',1718037620);
/*!40000 ALTER TABLE `sessions` ENABLE KEYS */;
UNLOCK TABLES;

--
-- Table structure for table `users`
--

DROP TABLE IF EXISTS `users`;
/*!40101 SET @saved_cs_client     = @@character_set_client */;
/*!40101 SET character_set_client = utf8 */;
CREATE TABLE `users` (
  `id` bigint(20) unsigned NOT NULL AUTO_INCREMENT,
  `name` varchar(255) NOT NULL,
  `admin` tinyint(1) NOT NULL DEFAULT 0,
  `function` varchar(255) DEFAULT NULL,
  `email` varchar(255) NOT NULL,
  `email_verified_at` timestamp NULL DEFAULT NULL,
  `password` varchar(255) NOT NULL,
  `remember_token` varchar(100) DEFAULT NULL,
  `created_at` timestamp NULL DEFAULT NULL,
  `updated_at` timestamp NULL DEFAULT NULL,
  PRIMARY KEY (`id`),
  UNIQUE KEY `users_email_unique` (`email`)
) ENGINE=InnoDB AUTO_INCREMENT=103 DEFAULT CHARSET=utf8mb4 COLLATE=utf8mb4_unicode_ci;
/*!40101 SET character_set_client = @saved_cs_client */;

--
-- Dumping data for table `users`
--

LOCK TABLES `users` WRITE;
/*!40000 ALTER TABLE `users` DISABLE KEYS */;
INSERT INTO `users` VALUES (1,'Nichole Jacobi',0,NULL,'jschimmel@example.com','2024-05-28 14:18:43','$2y$12$5Tss9hZpWfhv7TwYikQuWOz8SdS9ol0UOpkMwugXZJaOAtMgolKge','P9yd52sKnj','2024-05-28 14:18:43','2024-05-28 14:18:43'),(2,'Rosina Hilpert',0,NULL,'kklein@example.net','2024-05-28 14:18:43','$2y$12$5Tss9hZpWfhv7TwYikQuWOz8SdS9ol0UOpkMwugXZJaOAtMgolKge','PEbUENI6ox','2024-05-28 14:18:43','2024-05-28 14:18:43'),(3,'Caleb Raynor',0,NULL,'stroman.jonas@example.org','2024-05-28 14:18:43','$2y$12$5Tss9hZpWfhv7TwYikQuWOz8SdS9ol0UOpkMwugXZJaOAtMgolKge','O7gtmS4M57','2024-05-28 14:18:43','2024-05-28 14:18:43'),(4,'Pat Lemke IV',0,NULL,'ylindgren@example.net','2024-05-28 14:18:43','$2y$12$5Tss9hZpWfhv7TwYikQuWOz8SdS9ol0UOpkMwugXZJaOAtMgolKge','zzKqNZZDJq','2024-05-28 14:18:43','2024-05-28 14:18:43'),(5,'Mona Johnston',0,NULL,'nicolas.bobby@example.net','2024-05-28 14:18:43','$2y$12$5Tss9hZpWfhv7TwYikQuWOz8SdS9ol0UOpkMwugXZJaOAtMgolKge','tGyrjT4H5a','2024-05-28 14:18:43','2024-05-28 14:18:43'),(6,'Elody Herman',0,NULL,'batz.lola@example.net','2024-05-28 14:18:43','$2y$12$5Tss9hZpWfhv7TwYikQuWOz8SdS9ol0UOpkMwugXZJaOAtMgolKge','QhT7Ry3AJs','2024-05-28 14:18:43','2024-05-28 14:18:43'),(7,'Francisca Prosacco',0,NULL,'ischinner@example.org','2024-05-28 14:18:43','$2y$12$5Tss9hZpWfhv7TwYikQuWOz8SdS9ol0UOpkMwugXZJaOAtMgolKge','VzzsVWxLwH','2024-05-28 14:18:43','2024-05-28 14:18:43'),(8,'Donnell Hand I',0,NULL,'maribel21@example.com','2024-05-28 14:18:43','$2y$12$5Tss9hZpWfhv7TwYikQuWOz8SdS9ol0UOpkMwugXZJaOAtMgolKge','njbvQHWoiV','2024-05-28 14:18:43','2024-05-28 14:18:43'),(9,'Alison Jerde',0,NULL,'xkeebler@example.org','2024-05-28 14:18:43','$2y$12$5Tss9hZpWfhv7TwYikQuWOz8SdS9ol0UOpkMwugXZJaOAtMgolKge','S0N9eWsrNd','2024-05-28 14:18:43','2024-05-28 14:18:43'),(10,'Prof. Jordi Mante',0,NULL,'charlotte81@example.com','2024-05-28 14:18:43','$2y$12$5Tss9hZpWfhv7TwYikQuWOz8SdS9ol0UOpkMwugXZJaOAtMgolKge','rsFkwVc0Sh','2024-05-28 14:18:43','2024-05-28 14:18:43'),(11,'Ellis Hyatt',0,NULL,'kgreenholt@example.com','2024-05-28 14:18:43','$2y$12$5Tss9hZpWfhv7TwYikQuWOz8SdS9ol0UOpkMwugXZJaOAtMgolKge','YAwQHRPzUW','2024-05-28 14:18:43','2024-05-28 14:18:43'),(12,'Rafaela Johnston',0,NULL,'retha.farrell@example.net','2024-05-28 14:18:43','$2y$12$5Tss9hZpWfhv7TwYikQuWOz8SdS9ol0UOpkMwugXZJaOAtMgolKge','aZO4Ryez4l','2024-05-28 14:18:43','2024-05-28 14:18:43'),(13,'Mrs. Amely Dooley Sr.',0,NULL,'vern.lakin@example.net','2024-05-28 14:18:43','$2y$12$5Tss9hZpWfhv7TwYikQuWOz8SdS9ol0UOpkMwugXZJaOAtMgolKge','lBUyLiTWWy','2024-05-28 14:18:43','2024-05-28 14:18:43'),(14,'Marisol Cassin',0,NULL,'hackett.laisha@example.com','2024-05-28 14:18:43','$2y$12$5Tss9hZpWfhv7TwYikQuWOz8SdS9ol0UOpkMwugXZJaOAtMgolKge','TMFoKyESzO','2024-05-28 14:18:43','2024-05-28 14:18:43'),(15,'Jerrold Champlin',0,NULL,'dheathcote@example.com','2024-05-28 14:18:43','$2y$12$5Tss9hZpWfhv7TwYikQuWOz8SdS9ol0UOpkMwugXZJaOAtMgolKge','4Q9er3DR55','2024-05-28 14:18:43','2024-05-28 14:18:43'),(16,'August Mohr',0,NULL,'alanis98@example.com','2024-05-28 14:18:43','$2y$12$5Tss9hZpWfhv7TwYikQuWOz8SdS9ol0UOpkMwugXZJaOAtMgolKge','CZtTe1mb8x','2024-05-28 14:18:43','2024-05-28 14:18:43'),(17,'Samanta Luettgen',0,NULL,'turner.judson@example.net','2024-05-28 14:18:43','$2y$12$5Tss9hZpWfhv7TwYikQuWOz8SdS9ol0UOpkMwugXZJaOAtMgolKge','yrczbTYolw','2024-05-28 14:18:43','2024-05-28 14:18:43'),(18,'Mr. Norbert Cole',0,NULL,'ybraun@example.com','2024-05-28 14:18:43','$2y$12$5Tss9hZpWfhv7TwYikQuWOz8SdS9ol0UOpkMwugXZJaOAtMgolKge','8Qy5i0NzOz','2024-05-28 14:18:43','2024-05-28 14:18:43'),(19,'Fritz Shields',0,NULL,'laurence50@example.org','2024-05-28 14:18:43','$2y$12$5Tss9hZpWfhv7TwYikQuWOz8SdS9ol0UOpkMwugXZJaOAtMgolKge','qVN7L3c4GU','2024-05-28 14:18:43','2024-05-28 14:18:43'),(20,'Mrs. Bridie Denesik',0,NULL,'dubuque.jordan@example.net','2024-05-28 14:18:43','$2y$12$5Tss9hZpWfhv7TwYikQuWOz8SdS9ol0UOpkMwugXZJaOAtMgolKge','iQVlAICRQy','2024-05-28 14:18:43','2024-05-28 14:18:43'),(21,'Prof. Bryana Sawayn',0,NULL,'ignatius.bailey@example.com','2024-05-28 14:18:43','$2y$12$5Tss9hZpWfhv7TwYikQuWOz8SdS9ol0UOpkMwugXZJaOAtMgolKge','wGL2XPVQ2J','2024-05-28 14:18:43','2024-05-28 14:18:43'),(22,'Ila Gerhold',0,NULL,'kaitlyn.cummings@example.com','2024-05-28 14:18:43','$2y$12$5Tss9hZpWfhv7TwYikQuWOz8SdS9ol0UOpkMwugXZJaOAtMgolKge','JPlyp6fFoT','2024-05-28 14:18:43','2024-05-28 14:18:43'),(23,'Dessie O\'Keefe',0,NULL,'greenholt.richie@example.net','2024-05-28 14:18:43','$2y$12$5Tss9hZpWfhv7TwYikQuWOz8SdS9ol0UOpkMwugXZJaOAtMgolKge','QWk8B4p2qy','2024-05-28 14:18:43','2024-05-28 14:18:43'),(24,'Cydney Barton',0,NULL,'bergstrom.buck@example.com','2024-05-28 14:18:43','$2y$12$5Tss9hZpWfhv7TwYikQuWOz8SdS9ol0UOpkMwugXZJaOAtMgolKge','aWj3O7cIZF','2024-05-28 14:18:43','2024-05-28 14:18:43'),(25,'Ms. Shayna Adams',0,NULL,'delbert.robel@example.com','2024-05-28 14:18:43','$2y$12$5Tss9hZpWfhv7TwYikQuWOz8SdS9ol0UOpkMwugXZJaOAtMgolKge','PpNGNd7Oqc','2024-05-28 14:18:43','2024-05-28 14:18:43'),(26,'Evans Hudson',0,NULL,'hahn.ted@example.com','2024-05-28 14:18:43','$2y$12$5Tss9hZpWfhv7TwYikQuWOz8SdS9ol0UOpkMwugXZJaOAtMgolKge','JOWTZSUfEk','2024-05-28 14:18:43','2024-05-28 14:18:43'),(27,'Emelie Prohaska',0,NULL,'melvin81@example.org','2024-05-28 14:18:43','$2y$12$5Tss9hZpWfhv7TwYikQuWOz8SdS9ol0UOpkMwugXZJaOAtMgolKge','vEL6L0cOpf','2024-05-28 14:18:43','2024-05-28 14:18:43'),(28,'Ms. Haylie Kessler',0,NULL,'abelardo29@example.org','2024-05-28 14:18:43','$2y$12$5Tss9hZpWfhv7TwYikQuWOz8SdS9ol0UOpkMwugXZJaOAtMgolKge','AdY9165Xdh','2024-05-28 14:18:43','2024-05-28 14:18:43'),(29,'Mrs. Christine Crona',0,NULL,'green.torey@example.org','2024-05-28 14:18:43','$2y$12$5Tss9hZpWfhv7TwYikQuWOz8SdS9ol0UOpkMwugXZJaOAtMgolKge','b4kLLvWuzY','2024-05-28 14:18:43','2024-05-28 14:18:43'),(30,'Mrs. Adell Windler DVM',0,NULL,'rodrick.watsica@example.net','2024-05-28 14:18:43','$2y$12$5Tss9hZpWfhv7TwYikQuWOz8SdS9ol0UOpkMwugXZJaOAtMgolKge','ohn07it97K','2024-05-28 14:18:43','2024-05-28 14:18:43'),(31,'Larue Lindgren PhD',0,NULL,'demetris54@example.net','2024-05-28 14:18:43','$2y$12$5Tss9hZpWfhv7TwYikQuWOz8SdS9ol0UOpkMwugXZJaOAtMgolKge','fsSFs9EGVI','2024-05-28 14:18:43','2024-05-28 14:18:43'),(32,'Dr. Erica Heathcote I',0,NULL,'edwardo07@example.net','2024-05-28 14:18:43','$2y$12$5Tss9hZpWfhv7TwYikQuWOz8SdS9ol0UOpkMwugXZJaOAtMgolKge','InYAnF1JoT','2024-05-28 14:18:43','2024-05-28 14:18:43'),(33,'Mathew Hill',0,NULL,'jennyfer53@example.net','2024-05-28 14:18:43','$2y$12$5Tss9hZpWfhv7TwYikQuWOz8SdS9ol0UOpkMwugXZJaOAtMgolKge','dWc6kDV4kj','2024-05-28 14:18:43','2024-05-28 14:18:43'),(34,'Elouise Flatley',0,NULL,'rbuckridge@example.org','2024-05-28 14:18:43','$2y$12$5Tss9hZpWfhv7TwYikQuWOz8SdS9ol0UOpkMwugXZJaOAtMgolKge','6Z42SzKPt6','2024-05-28 14:18:43','2024-05-28 14:18:43'),(35,'Prof. Hester Connelly DDS',0,NULL,'ubins@example.org','2024-05-28 14:18:43','$2y$12$5Tss9hZpWfhv7TwYikQuWOz8SdS9ol0UOpkMwugXZJaOAtMgolKge','SNlCDM1API','2024-05-28 14:18:43','2024-05-28 14:18:43'),(36,'Rosina Homenick V',0,NULL,'yessenia.dooley@example.org','2024-05-28 14:18:43','$2y$12$5Tss9hZpWfhv7TwYikQuWOz8SdS9ol0UOpkMwugXZJaOAtMgolKge','L9oM62Q0Ru','2024-05-28 14:18:43','2024-05-28 14:18:43'),(37,'Lourdes Mitchell',0,NULL,'sigrid67@example.org','2024-05-28 14:18:43','$2y$12$5Tss9hZpWfhv7TwYikQuWOz8SdS9ol0UOpkMwugXZJaOAtMgolKge','7xstluFb5K','2024-05-28 14:18:43','2024-05-28 14:18:43'),(38,'Ms. Gabrielle O\'Connell',0,NULL,'schmidt.sydnee@example.net','2024-05-28 14:18:43','$2y$12$5Tss9hZpWfhv7TwYikQuWOz8SdS9ol0UOpkMwugXZJaOAtMgolKge','IfqINQLwTo','2024-05-28 14:18:43','2024-05-28 14:18:43'),(39,'Lurline Keebler DVM',0,NULL,'carolyn.zieme@example.net','2024-05-28 14:18:43','$2y$12$5Tss9hZpWfhv7TwYikQuWOz8SdS9ol0UOpkMwugXZJaOAtMgolKge','lN1GxM3Um7','2024-05-28 14:18:43','2024-05-28 14:18:43'),(40,'Pauline Hermiston PhD',0,NULL,'padberg.mitchell@example.com','2024-05-28 14:18:43','$2y$12$5Tss9hZpWfhv7TwYikQuWOz8SdS9ol0UOpkMwugXZJaOAtMgolKge','xPKFkEz3Qp','2024-05-28 14:18:43','2024-05-28 14:18:43'),(41,'Mr. Ariel Orn',0,NULL,'marisa.swift@example.net','2024-05-28 14:18:43','$2y$12$5Tss9hZpWfhv7TwYikQuWOz8SdS9ol0UOpkMwugXZJaOAtMgolKge','c9fIajA197','2024-05-28 14:18:43','2024-05-28 14:18:43'),(42,'Mrs. Fae Rutherford DDS',0,NULL,'mcclure.jannie@example.net','2024-05-28 14:18:43','$2y$12$5Tss9hZpWfhv7TwYikQuWOz8SdS9ol0UOpkMwugXZJaOAtMgolKge','iek2Cyy9Ds','2024-05-28 14:18:43','2024-05-28 14:18:43'),(43,'Alexis Turcotte',0,NULL,'zboncak.devan@example.com','2024-05-28 14:18:43','$2y$12$5Tss9hZpWfhv7TwYikQuWOz8SdS9ol0UOpkMwugXZJaOAtMgolKge','Id3dA9HGDy','2024-05-28 14:18:43','2024-05-28 14:18:43'),(44,'Sister Willms',0,NULL,'antonietta.schuster@example.net','2024-05-28 14:18:43','$2y$12$5Tss9hZpWfhv7TwYikQuWOz8SdS9ol0UOpkMwugXZJaOAtMgolKge','lE7ZfJhu55','2024-05-28 14:18:43','2024-05-28 14:18:43'),(45,'Ricky Huels IV',0,NULL,'marquardt.priscilla@example.net','2024-05-28 14:18:43','$2y$12$5Tss9hZpWfhv7TwYikQuWOz8SdS9ol0UOpkMwugXZJaOAtMgolKge','4qV2JGlwgP','2024-05-28 14:18:43','2024-05-28 14:18:43'),(46,'Deontae McKenzie',0,NULL,'roob.ibrahim@example.org','2024-05-28 14:18:43','$2y$12$5Tss9hZpWfhv7TwYikQuWOz8SdS9ol0UOpkMwugXZJaOAtMgolKge','GKsrPNEAVe','2024-05-28 14:18:43','2024-05-28 14:18:43'),(47,'Jeff Harvey',0,NULL,'switting@example.org','2024-05-28 14:18:43','$2y$12$5Tss9hZpWfhv7TwYikQuWOz8SdS9ol0UOpkMwugXZJaOAtMgolKge','TR9A0wDRuk','2024-05-28 14:18:43','2024-05-28 14:18:43'),(48,'Delbert Wolff',0,NULL,'murphy.hermann@example.com','2024-05-28 14:18:43','$2y$12$5Tss9hZpWfhv7TwYikQuWOz8SdS9ol0UOpkMwugXZJaOAtMgolKge','Y7Svck1i2R','2024-05-28 14:18:43','2024-05-28 14:18:43'),(49,'Erna Sipes',0,NULL,'bednar.sadye@example.net','2024-05-28 14:18:43','$2y$12$5Tss9hZpWfhv7TwYikQuWOz8SdS9ol0UOpkMwugXZJaOAtMgolKge','wjYdXpyvPU','2024-05-28 14:18:43','2024-05-28 14:18:43'),(50,'Dr. Lacy Boyer',0,NULL,'qtorphy@example.org','2024-05-28 14:18:43','$2y$12$5Tss9hZpWfhv7TwYikQuWOz8SdS9ol0UOpkMwugXZJaOAtMgolKge','LWNWRJVP6F','2024-05-28 14:18:43','2024-05-28 14:18:43'),(51,'Ozella Halvorson V',0,NULL,'sipes.shaun@example.org','2024-05-28 14:18:43','$2y$12$5Tss9hZpWfhv7TwYikQuWOz8SdS9ol0UOpkMwugXZJaOAtMgolKge','DzG2OX9XIY','2024-05-28 14:18:43','2024-05-28 14:18:43'),(52,'Erling Dicki',0,NULL,'wilderman.lucius@example.com','2024-05-28 14:18:43','$2y$12$5Tss9hZpWfhv7TwYikQuWOz8SdS9ol0UOpkMwugXZJaOAtMgolKge','7MDSf0ayXE','2024-05-28 14:18:43','2024-05-28 14:18:43'),(53,'Waylon Quigley',0,NULL,'macy.kertzmann@example.org','2024-05-28 14:18:43','$2y$12$5Tss9hZpWfhv7TwYikQuWOz8SdS9ol0UOpkMwugXZJaOAtMgolKge','98zS5Vxjdx','2024-05-28 14:18:43','2024-05-28 14:18:43'),(54,'Wilhelm Goodwin',0,NULL,'kfadel@example.com','2024-05-28 14:18:43','$2y$12$5Tss9hZpWfhv7TwYikQuWOz8SdS9ol0UOpkMwugXZJaOAtMgolKge','zv0IqTAn5j','2024-05-28 14:18:43','2024-05-28 14:18:43'),(55,'Brooks D\'Amore',0,NULL,'fhill@example.net','2024-05-28 14:18:43','$2y$12$5Tss9hZpWfhv7TwYikQuWOz8SdS9ol0UOpkMwugXZJaOAtMgolKge','Bbzx4pv3g0','2024-05-28 14:18:43','2024-05-28 14:18:43'),(56,'Terrence Ondricka',0,NULL,'kerluke.margarette@example.net','2024-05-28 14:18:43','$2y$12$5Tss9hZpWfhv7TwYikQuWOz8SdS9ol0UOpkMwugXZJaOAtMgolKge','XrYFXzbtOU','2024-05-28 14:18:43','2024-05-28 14:18:43'),(57,'Dr. Stefanie Erdman I',0,NULL,'stephen85@example.net','2024-05-28 14:18:43','$2y$12$5Tss9hZpWfhv7TwYikQuWOz8SdS9ol0UOpkMwugXZJaOAtMgolKge','j4vwZb6puS','2024-05-28 14:18:43','2024-05-28 14:18:43'),(58,'Roberto Hodkiewicz',0,NULL,'hand.kian@example.net','2024-05-28 14:18:43','$2y$12$5Tss9hZpWfhv7TwYikQuWOz8SdS9ol0UOpkMwugXZJaOAtMgolKge','4ilto7zugW','2024-05-28 14:18:43','2024-05-28 14:18:43'),(59,'Merritt Schuster',0,NULL,'aylin.schoen@example.com','2024-05-28 14:18:43','$2y$12$5Tss9hZpWfhv7TwYikQuWOz8SdS9ol0UOpkMwugXZJaOAtMgolKge','uossnvwppF','2024-05-28 14:18:43','2024-05-28 14:18:43'),(60,'Rahsaan Ebert',0,NULL,'claudie96@example.com','2024-05-28 14:18:43','$2y$12$5Tss9hZpWfhv7TwYikQuWOz8SdS9ol0UOpkMwugXZJaOAtMgolKge','hWgSQ3RMGZ','2024-05-28 14:18:43','2024-05-28 14:18:43'),(61,'Miss Jakayla Schaefer DDS',0,NULL,'bnader@example.com','2024-05-28 14:18:43','$2y$12$5Tss9hZpWfhv7TwYikQuWOz8SdS9ol0UOpkMwugXZJaOAtMgolKge','YA36wTg4MC','2024-05-28 14:18:43','2024-05-28 14:18:43'),(62,'Mr. Loyal Bernhard III',0,NULL,'gsimonis@example.org','2024-05-28 14:18:43','$2y$12$5Tss9hZpWfhv7TwYikQuWOz8SdS9ol0UOpkMwugXZJaOAtMgolKge','TBnDpId5O7','2024-05-28 14:18:43','2024-05-28 14:18:43'),(63,'Dr. Josiane Gerlach',0,NULL,'qkonopelski@example.net','2024-05-28 14:18:43','$2y$12$5Tss9hZpWfhv7TwYikQuWOz8SdS9ol0UOpkMwugXZJaOAtMgolKge','YmrwF9RB78','2024-05-28 14:18:43','2024-05-28 14:18:43'),(64,'Prof. Lilla Hane',0,NULL,'collier.kacie@example.org','2024-05-28 14:18:43','$2y$12$5Tss9hZpWfhv7TwYikQuWOz8SdS9ol0UOpkMwugXZJaOAtMgolKge','KZVI8odK0l','2024-05-28 14:18:43','2024-05-28 14:18:43'),(65,'Garnet Brakus',0,NULL,'considine.gloria@example.com','2024-05-28 14:18:43','$2y$12$5Tss9hZpWfhv7TwYikQuWOz8SdS9ol0UOpkMwugXZJaOAtMgolKge','y4HRqKz0zh','2024-05-28 14:18:43','2024-05-28 14:18:43'),(66,'Mr. Winfield Runolfsson Jr.',0,NULL,'herta07@example.org','2024-05-28 14:18:43','$2y$12$5Tss9hZpWfhv7TwYikQuWOz8SdS9ol0UOpkMwugXZJaOAtMgolKge','8r0MSe005Q','2024-05-28 14:18:43','2024-05-28 14:18:43'),(67,'Aron Bode',0,NULL,'xbeahan@example.net','2024-05-28 14:18:43','$2y$12$5Tss9hZpWfhv7TwYikQuWOz8SdS9ol0UOpkMwugXZJaOAtMgolKge','QZworcya7m','2024-05-28 14:18:43','2024-05-28 14:18:43'),(68,'Loyce Jenkins DVM',0,NULL,'white.marlin@example.org','2024-05-28 14:18:43','$2y$12$5Tss9hZpWfhv7TwYikQuWOz8SdS9ol0UOpkMwugXZJaOAtMgolKge','uE6QLtRtYm','2024-05-28 14:18:43','2024-05-28 14:18:43'),(69,'Thomas Barton I',0,NULL,'mathew64@example.org','2024-05-28 14:18:43','$2y$12$5Tss9hZpWfhv7TwYikQuWOz8SdS9ol0UOpkMwugXZJaOAtMgolKge','zRh7koUv3T','2024-05-28 14:18:43','2024-05-28 14:18:43'),(70,'Makayla Pfannerstill',0,NULL,'tanya76@example.net','2024-05-28 14:18:43','$2y$12$5Tss9hZpWfhv7TwYikQuWOz8SdS9ol0UOpkMwugXZJaOAtMgolKge','YWviQT1hAe','2024-05-28 14:18:43','2024-05-28 14:18:43'),(71,'Kyler Schmeler',0,NULL,'bartoletti.santa@example.net','2024-05-28 14:18:43','$2y$12$5Tss9hZpWfhv7TwYikQuWOz8SdS9ol0UOpkMwugXZJaOAtMgolKge','tvMWz4iaQQ','2024-05-28 14:18:43','2024-05-28 14:18:43'),(72,'Dr. Clovis Carroll',0,NULL,'dayana48@example.net','2024-05-28 14:18:43','$2y$12$5Tss9hZpWfhv7TwYikQuWOz8SdS9ol0UOpkMwugXZJaOAtMgolKge','FXkvxMH4UZ','2024-05-28 14:18:43','2024-05-28 14:18:43'),(73,'Mr. Tyree Fay IV',0,NULL,'amya.eichmann@example.com','2024-05-28 14:18:43','$2y$12$5Tss9hZpWfhv7TwYikQuWOz8SdS9ol0UOpkMwugXZJaOAtMgolKge','CkNegw61Pr','2024-05-28 14:18:43','2024-05-28 14:18:43'),(74,'Anastasia Emard IV',0,NULL,'rozella.koelpin@example.net','2024-05-28 14:18:43','$2y$12$5Tss9hZpWfhv7TwYikQuWOz8SdS9ol0UOpkMwugXZJaOAtMgolKge','vkzIQsLSvx','2024-05-28 14:18:43','2024-05-28 14:18:43'),(75,'Prof. Enrique Nader',0,NULL,'zrath@example.net','2024-05-28 14:18:43','$2y$12$5Tss9hZpWfhv7TwYikQuWOz8SdS9ol0UOpkMwugXZJaOAtMgolKge','LxJAh4sZqA','2024-05-28 14:18:43','2024-05-28 14:18:43'),(76,'Leone Ferry',0,NULL,'douglas.giuseppe@example.com','2024-05-28 14:18:43','$2y$12$5Tss9hZpWfhv7TwYikQuWOz8SdS9ol0UOpkMwugXZJaOAtMgolKge','oS1wP8rTw6','2024-05-28 14:18:43','2024-05-28 14:18:43'),(77,'Mrs. Tia Weimann Jr.',0,NULL,'ibaumbach@example.org','2024-05-28 14:18:43','$2y$12$5Tss9hZpWfhv7TwYikQuWOz8SdS9ol0UOpkMwugXZJaOAtMgolKge','NnSYxXbcFv','2024-05-28 14:18:43','2024-05-28 14:18:43'),(78,'Rozella Watsica',0,NULL,'pkrajcik@example.net','2024-05-28 14:18:43','$2y$12$5Tss9hZpWfhv7TwYikQuWOz8SdS9ol0UOpkMwugXZJaOAtMgolKge','Qq1WIh5Jcf','2024-05-28 14:18:43','2024-05-28 14:18:43'),(79,'Salma Botsford',0,NULL,'grady.avery@example.net','2024-05-28 14:18:43','$2y$12$5Tss9hZpWfhv7TwYikQuWOz8SdS9ol0UOpkMwugXZJaOAtMgolKge','4Yi38WRtzp','2024-05-28 14:18:43','2024-05-28 14:18:43'),(80,'Prudence Rath',0,NULL,'goyette.valentine@example.com','2024-05-28 14:18:43','$2y$12$5Tss9hZpWfhv7TwYikQuWOz8SdS9ol0UOpkMwugXZJaOAtMgolKge','67OmBQ6a97','2024-05-28 14:18:43','2024-05-28 14:18:43'),(81,'Ervin Turcotte MD',0,NULL,'hhettinger@example.org','2024-05-28 14:18:43','$2y$12$5Tss9hZpWfhv7TwYikQuWOz8SdS9ol0UOpkMwugXZJaOAtMgolKge','NspbvmdDqe','2024-05-28 14:18:43','2024-05-28 14:18:43'),(82,'Allie Gerhold',0,NULL,'emard.tess@example.org','2024-05-28 14:18:43','$2y$12$5Tss9hZpWfhv7TwYikQuWOz8SdS9ol0UOpkMwugXZJaOAtMgolKge','MYIQqS6Gfa','2024-05-28 14:18:43','2024-05-28 14:18:43'),(83,'Ms. Helene Kassulke DDS',0,NULL,'karina18@example.org','2024-05-28 14:18:43','$2y$12$5Tss9hZpWfhv7TwYikQuWOz8SdS9ol0UOpkMwugXZJaOAtMgolKge','0fsAzUNVoo','2024-05-28 14:18:43','2024-05-28 14:18:43'),(84,'Giovani Armstrong',0,NULL,'mohr.preston@example.org','2024-05-28 14:18:43','$2y$12$5Tss9hZpWfhv7TwYikQuWOz8SdS9ol0UOpkMwugXZJaOAtMgolKge','cOGa8bzhUb','2024-05-28 14:18:43','2024-05-28 14:18:43'),(85,'Minnie Denesik',0,NULL,'emmy.breitenberg@example.com','2024-05-28 14:18:43','$2y$12$5Tss9hZpWfhv7TwYikQuWOz8SdS9ol0UOpkMwugXZJaOAtMgolKge','htRbIjOHEW','2024-05-28 14:18:43','2024-05-28 14:18:43'),(86,'Calista Lang',0,NULL,'dhoppe@example.net','2024-05-28 14:18:43','$2y$12$5Tss9hZpWfhv7TwYikQuWOz8SdS9ol0UOpkMwugXZJaOAtMgolKge','oh0ScPopYl','2024-05-28 14:18:43','2024-05-28 14:18:43'),(87,'Dave Lockman',0,NULL,'murphy.yasmine@example.com','2024-05-28 14:18:43','$2y$12$5Tss9hZpWfhv7TwYikQuWOz8SdS9ol0UOpkMwugXZJaOAtMgolKge','rNgUD9lSfx','2024-05-28 14:18:43','2024-05-28 14:18:43'),(88,'Mrs. Vicenta Jerde',0,NULL,'wunsch.jessy@example.org','2024-05-28 14:18:43','$2y$12$5Tss9hZpWfhv7TwYikQuWOz8SdS9ol0UOpkMwugXZJaOAtMgolKge','g2eOAa1WC8','2024-05-28 14:18:43','2024-05-28 14:18:43'),(89,'Tamia Vandervort',0,NULL,'weimann.norbert@example.com','2024-05-28 14:18:43','$2y$12$5Tss9hZpWfhv7TwYikQuWOz8SdS9ol0UOpkMwugXZJaOAtMgolKge','BV5DW6WNiO','2024-05-28 14:18:43','2024-05-28 14:18:43'),(90,'Veda Pagac',0,NULL,'nathanael48@example.com','2024-05-28 14:18:43','$2y$12$5Tss9hZpWfhv7TwYikQuWOz8SdS9ol0UOpkMwugXZJaOAtMgolKge','70lmT684lW','2024-05-28 14:18:43','2024-05-28 14:18:43'),(91,'Miss Sasha Friesen DVM',0,NULL,'oconnell.jamison@example.net','2024-05-28 14:18:43','$2y$12$5Tss9hZpWfhv7TwYikQuWOz8SdS9ol0UOpkMwugXZJaOAtMgolKge','4REjmD3gc4','2024-05-28 14:18:43','2024-05-28 14:18:43'),(92,'Maureen Pacocha Jr.',0,NULL,'kromaguera@example.com','2024-05-28 14:18:43','$2y$12$5Tss9hZpWfhv7TwYikQuWOz8SdS9ol0UOpkMwugXZJaOAtMgolKge','aVmTVrEfXU','2024-05-28 14:18:43','2024-05-28 14:18:43'),(93,'Jarod Spinka',0,NULL,'parker.gerhold@example.org','2024-05-28 14:18:43','$2y$12$5Tss9hZpWfhv7TwYikQuWOz8SdS9ol0UOpkMwugXZJaOAtMgolKge','yifLS4z8sN','2024-05-28 14:18:43','2024-05-28 14:18:43'),(94,'Robert Goyette',0,NULL,'davis.uriel@example.net','2024-05-28 14:18:43','$2y$12$5Tss9hZpWfhv7TwYikQuWOz8SdS9ol0UOpkMwugXZJaOAtMgolKge','DBk8KfrxGS','2024-05-28 14:18:43','2024-05-28 14:18:43'),(95,'Mr. Camron Konopelski MD',0,NULL,'gerard94@example.org','2024-05-28 14:18:43','$2y$12$5Tss9hZpWfhv7TwYikQuWOz8SdS9ol0UOpkMwugXZJaOAtMgolKge','pD2MY7qGMu','2024-05-28 14:18:43','2024-05-28 14:18:43'),(96,'Isidro Beahan',0,NULL,'carmela64@example.org','2024-05-28 14:18:43','$2y$12$5Tss9hZpWfhv7TwYikQuWOz8SdS9ol0UOpkMwugXZJaOAtMgolKge','W6xFT7mxa2','2024-05-28 14:18:43','2024-05-28 14:18:43'),(97,'Alaina Hermiston',0,NULL,'tyra25@example.org','2024-05-28 14:18:43','$2y$12$5Tss9hZpWfhv7TwYikQuWOz8SdS9ol0UOpkMwugXZJaOAtMgolKge','b1b3lLUyyC','2024-05-28 14:18:43','2024-05-28 14:18:43'),(98,'Stefan O\'Keefe III',0,NULL,'ljacobi@example.com','2024-05-28 14:18:43','$2y$12$5Tss9hZpWfhv7TwYikQuWOz8SdS9ol0UOpkMwugXZJaOAtMgolKge','1yV46nGrJ4','2024-05-28 14:18:43','2024-05-28 14:18:43'),(99,'Annamae Bosco Jr.',0,NULL,'guy.abernathy@example.com','2024-05-28 14:18:43','$2y$12$5Tss9hZpWfhv7TwYikQuWOz8SdS9ol0UOpkMwugXZJaOAtMgolKge','J7534CCd4Q','2024-05-28 14:18:43','2024-05-28 14:18:43'),(100,'Angie Stark I',0,NULL,'ctorp@example.net','2024-05-28 14:18:43','$2y$12$5Tss9hZpWfhv7TwYikQuWOz8SdS9ol0UOpkMwugXZJaOAtMgolKge','86iDVAJdQf','2024-05-28 14:18:43','2024-05-28 14:18:43'),(101,'Sean Deblaere',0,NULL,'sean.deblaere2000@gmail.com',NULL,'$2y$12$XHuxwry7e0SNqBLElZ/xVuRZF./8KzISVoEBcmzLwzVnru8VbfLay','mfEJV1crr8TLoX4mZFYwVIUOJK8dUbRvpOvMRsCC8bj9JmYW5ih4R8Bzxox4','2024-05-28 14:19:07','2024-05-28 14:19:07'),(102,'Sean',0,NULL,'seandebl@student.arteveldehs.be',NULL,'$2y$12$tJSLsriF5R4Ugw/3PrlSX.Dw0DTKwI./nLDoFrLnARkpc9mTnWhuS',NULL,'2024-05-28 17:53:20','2024-05-28 17:53:20');
/*!40000 ALTER TABLE `users` ENABLE KEYS */;
UNLOCK TABLES;
/*!40103 SET TIME_ZONE=@OLD_TIME_ZONE */;

/*!40101 SET SQL_MODE=@OLD_SQL_MODE */;
/*!40014 SET FOREIGN_KEY_CHECKS=@OLD_FOREIGN_KEY_CHECKS */;
/*!40014 SET UNIQUE_CHECKS=@OLD_UNIQUE_CHECKS */;
/*!40101 SET CHARACTER_SET_CLIENT=@OLD_CHARACTER_SET_CLIENT */;
/*!40101 SET CHARACTER_SET_RESULTS=@OLD_CHARACTER_SET_RESULTS */;
/*!40101 SET COLLATION_CONNECTION=@OLD_COLLATION_CONNECTION */;
/*!40111 SET SQL_NOTES=@OLD_SQL_NOTES */;

-- Dump completed on 2024-06-10 17:02:12
